# ,,,,,,Discovery,,,,,,,,,,Replication,,,,,,,,,,Global meta-analysis,,,
# ,,,,,,,,Europeans,,Indian Asians,,Combined,,Heterogeneity tests,,,,Europeans,,Indian Asians,,Combined,,Heterogeneity tests,,,,,
# CpG,Chr,Position,Nearest Gene,Sentinel marker,Replicate,Mean (SD) methylation,N,Effect (SE),P,Effect (SE),P,Effect (SE),P,Phet EUR/IA ,Phet,Mean (SD) methylation,N,Effect (SE),P,Effect (SE),P,Effect (SE),P,Phet EUR/IA ,Phet,Mean (SD) methylation,N,P,Comment
cpg,chr,position,gene,marker,replicate,discovery.mean,discovery.sd,discovery.n,discovery.eur.effect,discovery.eur.std.err,discovery.eur.p.value,discovery.ind.effect,discovery.ind.std.err,discovery.ind.p.value,discovery.effect,discovery.std.err,discovery.p.value,discovery.h.p.value1,discovery.h.p.value,replication.mean,replication.sd,replication.n,replication.eur.effect,replication.eur.std.err,replication.eur.p.value,replication.ind.effect,replication.ind.std.err,replication.ind.p.value,replication.effect,replication.std.err,replication.p.value,replication.h.p.value1,replication.h.p.value,mean,sd,n,p.value,comment
cg09315878,1,1152580,SDF4,Yes,Yes,0.77,0.05,5386,-8.72,2.21,7.9E-05,-12.38,2.23,1.1E-06,-10.3,1.7,3.2E-08,2.4E-01,2.4E-01,0.69,0.08,3580,-3.60,1.28,4.8E-03,-10.60,4.64,2.3E-02,-4.5,1.3,3.9E-04,3.8E-01,1.5E-01,0.74,0.06,8966,6.7E-11,"SNP under Probe,MAF>1%;"
cg09276842,1,1155026,SDF4,No,Yes,0.93,0.02,5383,-26.03,5.93,1.1E-05,-37.56,7.42,8.3E-06,-29.6,5.0,5.6E-08,2.2E-01,5.1E-02,0.90,0.04,4333,-5.50,2.32,1.8E-02,-6.19,10.99,5.7E-01,-6.5,2.4,6.4E-03,9.9E-01,9.5E-01,0.92,0.03,9716,4.5E-09,
cg02050917,1,2173571,SKI,Yes,No,0.70,0.04,5376,12.28,2.74,7.3E-06,19.17,3.61,3.1E-06,14.5,2.4,1.5E-08,1.3E-01,2.0E-01,0.68,0.05,4998,1.36,1.51,3.7E-01,5.50,6.61,4.1E-01,1.8,1.5,2.3E-01,6.9E-01,5.4E-01,0.69,0.05,10374,9.4E-07,
cg16395997,1,3562798,WRAP73,No,Yes,0.67,0.05,5353,13.05,2.74,1.8E-06,23.88,5.05,3.2E-05,15.1,2.6,6.6E-08,6.0E-02,3.0E-01,0.65,0.10,4332,3.30,1.17,4.8E-03,6.95,6.57,2.9E-01,3.7,1.4,6.6E-03,1.7E-01,5.8E-01,0.66,0.07,9685,5.5E-09,
cg11832534,1,3563998,WRAP73,Yes,Yes,0.87,0.03,5378,12.47,3.49,3.5E-04,12.38,2.13,3.0E-07,12.4,2.0,1.3E-08,9.8E-01,8.8E-01,0.84,0.04,4332,10.61,2.24,2.2E-06,2.86,6.39,6.6E-01,10.3,2.2,1.6E-06,3.6E-01,2.5E-01,0.86,0.04,9710,1.1E-13,
cg08648047,1,11028561,C1orf127,Yes,Yes,0.77,0.03,5384,19.57,4.01,1.0E-06,10.91,1.86,2.4E-07,12.6,1.9,7.2E-10,5.0E-02,2.9E-01,0.75,0.04,4333,6.50,2.25,3.8E-03,17.51,9.76,7.3E-02,7.2,2.2,1.3E-03,6.1E-01,2.7E-01,0.76,0.03,9717,1.7E-11,
cg20820107,1,12193099,TNFRSF8,Yes,No,0.16,0.03,5385,-17.28,4.07,2.2E-05,-38.12,6.74,6.6E-07,-22.5,3.8,3.5E-08,8.1E-03,6.4E-02,0.16,0.04,4998,-2.56,2.02,2.0E-01,-26.08,8.51,2.3E-03,-3.6,2.1,8.4E-02,1.2E-01,7.2E-03,0.16,0.03,10383,2.3E-07,
cg03885055,1,16723232,SPATA21,Yes,Yes,0.66,0.03,5386,-23.01,4.35,1.2E-07,-29.89,6.04,1.3E-05,-25.2,3.8,1.3E-09,3.6E-01,8.6E-01,0.66,0.06,4998,-5.24,1.76,2.9E-03,2.88,9.82,7.7E-01,-6.4,2.2,3.8E-03,5.0E-01,4.2E-01,0.66,0.05,10384,1.8E-10,
cg07201717,1,25031947,SRRM1,Yes,No,0.34,0.05,5386,-23.00,4.22,4.9E-08,-39.04,8.99,1.3E-04,-25.3,4.1,1.3E-08,1.1E-01,3.3E-01,0.33,0.07,4998,-1.04,1.17,3.7E-01,6.90,9.84,4.8E-01,-1.3,1.2,2.8E-01,5.1E-02,4.2E-01,0.33,0.06,10384,1.2E-06,
cg12484113,1,27898757,AHDC1,Yes,Yes,0.40,0.03,5356,16.93,3.12,5.5E-08,20.13,2.65,2.8E-11,18.6,2.2,1.2E-14,4.3E-01,1.8E-01,0.37,0.04,4332,10.68,2.17,8.8E-07,4.38,8.29,6.0E-01,14.3,2.4,2.2E-09,2.3E-01,4.6E-01,0.39,0.04,9688,2.2E-22,
cg16815882,1,35908609,KIAA0319L,Yes,Yes,0.38,0.05,5384,16.96,3.55,1.8E-06,62.04,10.14,7.5E-08,21.2,3.6,6.0E-08,2.7E-05,1.7E-03,0.36,0.06,4333,2.16,1.42,1.3E-01,16.73,10.09,9.8E-02,3.6,1.5,1.8E-02,8.7E-02,1.5E-01,0.37,0.06,9717,2.0E-08,
cg17971578,1,36852463,STK40,Yes,Yes,0.29,0.04,5303,-22.67,3.10,2.4E-13,-5.55,2.57,5.7E-02,-12.9,2.2,4.6E-08,2.1E-05,5.6E-04,0.29,0.05,4328,-5.73,1.67,5.9E-04,-12.57,8.19,1.3E-01,-5.8,1.7,4.4E-04,6.2E-01,4.1E-01,0.29,0.04,9631,1.5E-10,"SNP under Probe,MAF<1%;"
cg27547344,1,43765617,TIE1,Yes,Yes,0.53,0.03,5383,14.46,3.77,1.3E-04,23.27,4.38,2.9E-06,18.3,3.1,6.2E-08,1.3E-01,5.0E-02,0.53,0.06,4996,3.97,1.51,8.7E-03,23.59,8.72,7.0E-03,5.9,2.0,3.7E-03,1.7E-01,2.7E-02,0.53,0.05,10379,3.3E-09,
cg17901584,1,55353706,DHCR24,Yes,Yes,0.51,0.06,5386,-12.27,1.86,4.4E-11,-93.55,12.97,2.4E-10,-13.7,2.0,1.4E-10,5.5E-10,9.0E-07,0.51,0.09,4333,-5.77,1.12,2.4E-07,-12.95,4.24,2.4E-03,-7.3,1.2,4.2E-10,1.1E-01,1.0E-01,0.51,0.08,9719,3.7E-19,
cg16594806,1,59473943,PHBP3,Yes,Yes,0.68,0.04,5370,-20.41,2.63,8.1E-15,-57.95,6.82,1.0E-13,-24.9,2.6,2.3E-18,2.8E-07,5.3E-05,0.65,0.08,4332,-2.79,1.28,2.9E-02,-6.82,6.18,2.7E-01,-3.5,1.4,1.3E-02,3.0E-02,5.2E-01,0.67,0.06,9702,3.4E-16,"SNP under Probe,MAF<1%;"
cg25001190,1,61668835,NFIA,Yes,Yes,0.67,0.05,5387,-8.89,2.04,1.3E-05,-15.78,3.16,1.1E-05,-10.8,1.9,8.1E-08,6.7E-02,2.4E-01,0.70,0.07,4246,-3.99,1.35,3.2E-03,-16.68,5.79,4.1E-03,-6.2,1.5,4.6E-05,6.7E-02,3.3E-02,0.68,0.06,9633,1.9E-11,
cg03050965,1,101705237,S1PR1,Yes,Yes,0.72,0.03,5386,-24.12,5.15,2.9E-06,-55.32,10.25,2.1E-06,-29.5,4.9,3.0E-08,6.6E-03,9.1E-02,0.68,0.07,4998,-2.91,1.43,4.2E-02,-22.87,11.00,3.8E-02,-3.6,1.6,2.4E-02,2.9E-01,7.2E-02,0.70,0.05,10384,2.7E-08,
cg03725309,1,109757585,SARS,Yes,Yes,0.20,0.04,5377,-22.96,3.08,9.5E-14,-45.15,9.50,2.9E-05,-24.8,3.2,3.8E-13,2.6E-02,1.7E-01,0.21,0.05,4998,-7.99,1.64,1.2E-06,-13.12,8.05,1.0E-01,-8.2,1.6,1.8E-07,3.3E-01,5.3E-01,0.20,0.04,10375,9.0E-19,
cg16246545,1,120255941,PHGDH,No,Yes,0.49,0.05,5381,-12.90,1.84,2.1E-12,-20.56,3.99,5.7E-06,-14.0,1.8,4.8E-13,8.1E-02,3.3E-01,0.46,0.06,4333,-7.09,1.52,2.9E-06,-7.53,3.96,5.8E-02,-7.5,1.5,3.9E-07,8.9E-01,9.2E-01,0.48,0.05,9714,1.8E-18,
cg14476101,1,120255992,PHGDH,Yes,Yes,0.64,0.06,5345,-13.48,1.56,4.5E-18,-28.59,4.99,4.7E-07,-14.5,1.6,2.1E-17,3.8E-03,5.2E-02,0.62,0.09,4333,-7.08,1.08,5.7E-11,-8.77,3.55,1.4E-02,-8.9,1.2,9.4E-13,4.8E-01,6.5E-01,0.63,0.07,9678,1.5E-28,"SNP under Probe,MAF<1%;"
cg10505902,1,144892111,PDE4DIP,Yes,Yes,0.74,0.04,5378,-13.66,2.31,3.1E-09,-54.76,12.37,9.7E-05,-14.8,2.4,1.4E-08,1.1E-03,3.4E-02,0.73,0.05,2819,-8.21,2.34,4.6E-04,-17.89,5.32,8.2E-04,-10.7,2.3,3.2E-06,6.7E-01,9.6E-02,0.73,0.04,8197,2.4E-13,"Cross-Hybridising Probe,chr1: 146502215 to 146502265"
cg19748495,1,150979359,FAM63A,Yes,No,0.17,0.04,5381,-19.52,4.15,2.6E-06,-33.98,6.01,6.6E-07,-23.9,3.7,2.5E-09,4.8E-02,3.4E-01,0.17,0.04,4998,-2.15,1.63,1.9E-01,-5.75,9.20,5.3E-01,-2.4,1.6,1.2E-01,4.8E-01,7.0E-01,0.17,0.04,10379,7.7E-08,
cg06180099,1,150979364,FAM63A,No,No,0.18,0.04,5349,-19.39,3.66,1.2E-07,-15.88,4.10,6.4E-04,-17.8,3.0,4.0E-08,5.2E-01,7.4E-01,0.18,0.04,4997,-2.23,1.57,1.6E-01,2.09,8.68,8.1E-01,-2.2,1.5,1.4E-01,3.2E-01,6.2E-01,0.18,0.04,10346,6.5E-07,
cg13997435,1,153538406,S100A2,No,Yes,0.56,0.03,5374,-20.53,3.50,4.4E-09,-35.98,8.02,7.8E-05,-22.5,3.4,1.6E-09,7.8E-02,2.0E-01,0.53,0.07,4333,-7.09,1.76,5.9E-05,-13.02,7.40,7.9E-02,-11.1,2.2,3.3E-07,6.0E-01,4.4E-01,0.54,0.05,9707,2.7E-15,
cg22700686,1,153538764,S100A2,Yes,Yes,0.19,0.04,5385,-23.51,3.48,1.5E-11,-43.20,8.02,2.1E-06,-25.9,3.4,3.2E-12,2.4E-02,3.7E-02,0.19,0.05,3571,-4.22,1.68,1.2E-02,-19.41,9.23,3.6E-02,-6.3,1.7,1.4E-04,3.2E-02,1.1E-01,0.19,0.04,8956,5.7E-15,"SNP under Probe,MAF<1%;"
cg24678869,1,153919638,DENND4B,No,Yes,0.60,0.03,5387,26.92,4.78,1.8E-08,22.54,4.02,8.4E-07,24.3,3.4,3.6E-11,4.8E-01,5.9E-01,0.59,0.05,4998,2.76,1.98,1.6E-01,24.79,11.05,2.5E-02,4.4,2.4,6.0E-02,6.2E-01,5.0E-02,0.60,0.04,10385,1.3E-09,
cg22441770,1,153929592,CRTC2,No,Yes,0.71,0.04,5375,13.65,3.95,5.5E-04,18.17,2.85,2.2E-08,16.6,2.6,2.2E-09,3.5E-01,6.7E-01,0.66,0.08,4998,3.44,1.36,1.1E-02,11.21,9.48,2.4E-01,5.1,1.7,3.0E-03,2.7E-01,4.2E-01,0.69,0.06,10373,1.9E-10,
cg12593793,1,156074135,LMNA,Yes,Yes,0.31,0.04,5373,-33.39,3.24,5.7E-25,-29.96,3.95,2.8E-11,-32.0,2.7,3.0E-27,5.0E-01,3.6E-01,0.31,0.05,4333,-8.54,1.71,6.0E-07,-29.04,8.13,3.9E-04,-10.2,1.7,3.9E-09,3.6E-02,1.4E-02,0.31,0.04,9706,4.5E-33,
cg08881019,1,156096178,LMNA,No,Yes,0.14,0.02,5385,-22.52,4.76,2.3E-06,-27.05,6.43,2.1E-04,-24.0,4.2,1.0E-07,5.7E-01,5.3E-01,0.15,0.03,4333,-6.36,2.38,7.4E-03,-34.20,10.48,1.2E-03,-9.1,2.4,1.6E-04,5.0E-02,9.6E-03,0.14,0.03,9718,9.1E-11,
cg25217710,1,156609523,BCAN,Yes,Yes,0.64,0.03,5387,21.97,4.20,1.7E-07,33.84,4.75,4.0E-10,26.9,3.4,4.4E-13,6.1E-02,3.4E-01,0.63,0.06,4998,3.50,1.68,3.7E-02,17.96,10.74,9.5E-02,5.8,2.0,3.4E-03,7.8E-01,1.8E-01,0.64,0.05,10385,4.2E-13,
cg10636246,1,159046973,AIM2,No,Yes,0.30,0.05,5333,-10.74,2.07,2.1E-07,-30.81,5.70,2.0E-06,-12.7,2.1,2.1E-08,9.3E-04,1.6E-02,0.30,0.07,4333,-5.65,1.24,4.8E-06,-9.64,5.22,6.5E-02,-6.5,1.3,3.4E-07,5.3E-01,4.6E-01,0.30,0.06,9666,3.5E-14,
cg07202479,1,159174162,DARC,Yes,Yes,0.60,0.03,5369,-16.43,3.05,7.0E-08,-13.05,2.75,3.0E-05,-14.5,2.2,2.2E-09,4.1E-01,6.3E-01,0.57,0.03,4998,-9.47,2.13,8.6E-06,-18.07,6.92,9.3E-03,-10.9,2.0,4.0E-08,1.4E-04,2.4E-01,0.59,0.03,10367,4.6E-16,"SNP under Probe,MAF>1%;"
cg09554443,1,167487762,CD247,Yes,Yes,0.42,0.05,5384,-11.42,2.13,8.3E-08,-32.32,5.06,2.0E-08,-14.5,2.1,2.5E-10,1.4E-04,9.0E-04,0.37,0.06,4333,-3.88,1.31,3.1E-03,-10.07,5.01,4.5E-02,-4.9,1.3,2.5E-04,3.3E-01,2.3E-01,0.39,0.05,9717,8.2E-13,
cg22534374,1,201511610,RPS10P7,Yes,Yes,0.59,0.05,5380,-6.25,1.96,1.4E-03,-7.79,1.28,9.7E-08,-7.3,1.2,1.7E-08,5.1E-01,5.2E-01,0.60,0.07,4998,-4.82,1.10,1.2E-05,2.08,5.48,7.0E-01,-5.1,1.2,2.4E-05,6.5E-01,2.2E-01,0.59,0.06,10378,2.6E-12,
cg10717869,1,205780912,SLC41A1,Yes,Yes,0.76,0.03,5377,23.17,3.95,4.6E-09,19.20,3.98,2.2E-05,21.2,3.1,1.8E-10,4.8E-01,4.9E-01,0.72,0.07,4333,7.58,1.56,1.1E-06,15.50,9.79,1.1E-01,11.3,2.1,9.1E-08,5.6E-01,4.3E-01,0.74,0.05,9710,8.9E-17,
cg15323828,1,226053673,TMEM63A,Yes,Yes,0.53,0.04,5368,-18.56,3.08,1.7E-09,-15.86,3.75,2.0E-04,-17.5,2.6,4.0E-10,5.8E-01,8.4E-01,0.50,0.07,4333,-2.73,1.51,7.2E-02,-25.63,7.13,3.6E-04,-5.0,1.9,8.5E-03,1.1E-03,1.7E-03,0.52,0.05,9701,1.5E-10,
cg01101459,1,234871477,LINC00184,Yes,Yes,0.72,0.05,5384,12.11,2.55,2.1E-06,17.16,2.86,1.3E-07,14.2,2.1,3.1E-10,1.9E-01,5.8E-01,0.68,0.06,4998,4.84,1.30,2.0E-04,20.57,6.99,3.4E-03,5.7,1.3,1.3E-05,3.4E-01,2.7E-02,0.71,0.06,10382,4.2E-14,
cg00851028,1,234905772,RNY4P16,No,Yes,0.64,0.03,5385,20.55,4.03,3.5E-07,28.91,5.04,4.5E-07,23.3,3.4,3.3E-10,2.0E-01,1.9E-01,0.62,0.07,4998,6.17,1.48,3.1E-05,16.39,8.30,4.9E-02,11.0,1.9,7.9E-09,1.8E-01,2.3E-01,0.63,0.05,10383,1.5E-17,
cg02560388,2,11969958,LPIN1,Yes,Yes,0.24,0.03,5386,-10.59,3.39,1.8E-03,-11.74,2.02,3.4E-07,-11.4,1.9,4.7E-08,7.7E-01,9.4E-01,0.24,0.04,4998,-6.08,1.77,6.0E-04,-31.08,8.67,3.7E-04,-6.4,1.7,1.3E-04,7.5E-05,4.7E-03,0.24,0.04,10384,4.3E-11,
cg04011474,2,28904455,RNA5SP89,Yes,Yes,0.73,0.04,5383,-17.20,3.26,1.3E-07,-18.22,3.84,3.0E-05,-17.3,2.7,3.7E-09,8.4E-01,1.8E-01,0.74,0.06,4998,-6.27,1.51,3.2E-05,-24.22,8.09,2.9E-03,-7.6,1.6,2.7E-06,1.4E-01,2.9E-02,0.73,0.05,10381,6.3E-14,
ch.2.30415474F,2,30561970,LBH,Yes,Yes,0.08,0.02,5382,-34.58,5.96,6.6E-09,-40.20,11.07,1.4E-03,-35.4,5.7,7.7E-09,6.6E-01,5.0E-01,0.09,0.03,4267,-10.33,3.05,7.1E-04,-26.41,12.68,3.8E-02,-12.4,3.4,2.3E-04,1.4E-01,2.2E-01,0.08,0.02,9649,1.3E-11,
cg16163382,2,37938640,CDC42EP3,Yes,Yes,0.15,0.03,5370,-23.24,4.07,1.2E-08,-18.71,2.86,9.1E-09,-20.3,2.6,5.8E-13,3.6E-01,7.8E-01,0.16,0.04,4332,-5.53,1.97,5.0E-03,-17.78,11.02,1.1E-01,-6.5,2.0,1.2E-03,3.2E-01,2.7E-01,0.15,0.03,9702,5.5E-14,
cg26253134,2,70751721,TGFA,Yes,Yes,0.25,0.04,5384,-27.63,3.87,9.5E-13,-18.81,4.32,1.3E-04,-23.8,3.2,3.2E-12,1.3E-01,2.7E-01,0.25,0.05,4998,-6.18,1.44,1.7E-05,-47.23,10.26,5.2E-06,-7.4,1.4,2.3E-07,1.7E-03,7.4E-05,0.25,0.05,10382,7.3E-18,
cg12332902,2,98330020,ZAP70,Yes,No,0.40,0.03,5380,-16.28,3.89,2.8E-05,-39.46,6.63,1.7E-07,-21.8,3.6,2.7E-08,2.6E-03,2.2E-02,0.35,0.05,4333,-1.62,1.80,3.7E-01,-1.07,10.42,9.2E-01,-1.3,1.9,4.8E-01,8.7E-01,9.6E-01,0.38,0.04,9713,4.0E-06,
cg14902389,2,99342685,MGAT4A,Yes,No,0.85,0.02,5378,-19.14,4.28,7.8E-06,-13.74,3.01,5.9E-05,-15.9,2.7,7.5E-08,3.0E-01,7.2E-02,0.85,0.03,4333,-3.61,2.64,1.7E-01,-4.15,12.52,7.4E-01,-5.2,2.9,6.9E-02,9.9E-01,9.7E-01,0.85,0.03,9711,1.8E-07,
cg25570328,2,108903952,SULT1C2,Yes,Yes,0.56,0.05,5386,-14.94,3.30,5.8E-06,-25.39,4.60,1.2E-06,-18.3,2.9,6.0E-09,6.5E-02,2.6E-02,0.57,0.10,4998,-3.11,1.13,5.7E-03,0.10,8.12,9.9E-01,-3.7,1.3,5.6E-03,6.8E-01,7.0E-01,0.57,0.08,10384,9.9E-10,"SNP under Probe,MAF<1%;"
cg09152259,2,128156114,MAP3K2,Yes,Yes,0.35,0.05,5381,-8.79,1.68,1.6E-07,-40.18,6.76,1.7E-07,-10.3,1.7,4.7E-08,6.5E-06,3.5E-04,0.34,0.07,4333,-7.04,1.31,7.5E-08,-16.00,4.15,1.3E-04,-11.2,1.4,4.1E-15,2.5E-01,3.9E-02,0.35,0.06,9714,1.3E-20,
cg15357118,2,128927972,UGGT1,Yes,Yes,0.53,0.04,5384,13.20,2.83,3.1E-06,20.44,3.94,5.1E-06,15.3,2.5,1.6E-08,1.4E-01,3.1E-01,0.50,0.06,4333,6.89,1.53,6.8E-06,21.01,7.31,4.2E-03,10.8,1.9,1.3E-08,6.6E-01,5.9E-02,0.52,0.05,9717,1.2E-15,
cg03327570,2,145304883,ZEB2,Yes,Yes,0.74,0.04,5384,-18.86,3.01,3.9E-10,-17.44,3.58,1.8E-05,-18.5,2.5,1.0E-11,7.6E-01,3.5E-01,0.72,0.05,4998,-7.74,1.49,2.0E-07,-10.34,8.04,2.0E-01,-8.5,1.5,1.5E-08,2.4E-01,7.5E-01,0.73,0.04,10382,1.1E-18,"SNP under Probe,MAF<1%;"
cg17178175,2,178109973,NFE2L2,Yes,Yes,0.58,0.05,5378,-13.20,2.42,4.9E-08,-14.79,2.97,1.2E-05,-13.8,2.0,5.1E-10,6.8E-01,6.2E-01,0.60,0.08,4333,-4.78,1.13,2.2E-05,-12.40,6.46,5.6E-02,-6.0,1.3,2.9E-06,4.7E-01,2.5E-01,0.59,0.07,9711,9.1E-15,"SNP under Probe,MAF<1%;"
cg25889918,2,179916184,CCDC141,Yes,No,0.71,0.03,5381,15.91,3.28,1.3E-06,17.76,2.66,4.6E-09,17.0,2.3,6.0E-12,6.6E-01,9.8E-01,0.71,0.07,4998,0.90,1.49,5.5E-01,-6.93,6.37,2.8E-01,0.4,1.8,8.5E-01,1.2E-01,2.3E-01,0.71,0.05,10379,3.6E-07,
cg09613192,2,181388538,FTH1P20,Yes,Yes,0.67,0.05,5358,9.00,1.91,2.5E-06,14.58,2.73,2.7E-06,10.6,1.7,7.3E-09,9.5E-02,3.9E-01,0.68,0.07,4331,4.59,1.32,5.0E-04,9.89,4.73,3.7E-02,6.2,1.5,2.9E-05,3.2E-01,2.8E-01,0.68,0.06,9689,1.3E-12,
cg19373099,2,210008092,CRYGFP,Yes,Yes,0.58,0.07,5248,7.77,1.26,8.0E-10,47.43,7.02,2.9E-09,9.0,1.3,5.7E-10,2.6E-08,1.3E-05,0.60,0.08,4994,3.74,1.04,3.0E-04,9.31,3.59,9.8E-03,4.6,1.1,1.1E-05,1.7E-01,1.4E-01,0.59,0.07,10242,6.3E-14,"Cross-Hybridising Probe,chr6: 137584317 to 137584367; chr8: 100948074 to 100948124; chr11: 45218932 to 45218982; chr12: 48633865 to 48633914"
cg00634542,2,219254588,SLC11A1,Yes,Yes,0.61,0.03,5351,13.08,3.17,3.6E-05,19.36,3.51,1.3E-06,15.6,2.6,2.1E-08,1.8E-01,5.4E-01,0.57,0.08,4997,1.94,1.31,1.4E-01,15.44,7.53,4.1E-02,4.8,1.7,5.9E-03,7.1E-01,7.7E-02,0.59,0.06,10348,2.7E-09,
cg00144180,2,240294362,HDAC4,Yes,Yes,0.88,0.05,5316,16.97,3.03,2.1E-08,13.33,3.56,9.7E-04,15.4,2.5,1.5E-08,4.4E-01,1.2E-01,0.80,0.06,4996,6.19,1.19,1.8E-07,11.47,6.30,6.9E-02,6.8,1.2,1.5E-08,7.9E-01,4.1E-01,0.84,0.05,10312,1.2E-15,
cg23032421,3,3152038,IL5RA,Yes,Yes,0.70,0.04,5375,-17.65,2.93,1.6E-09,-43.19,14.37,8.1E-03,-18.8,3.1,1.4E-08,8.2E-02,1.6E-01,0.69,0.07,4998,-4.57,1.30,4.5E-04,-16.73,6.48,1.0E-02,-5.7,1.5,1.4E-04,4.2E-01,6.6E-02,0.70,0.05,10373,1.7E-11,
cg15681239,3,38080203,DLEC1,Yes,Yes,0.25,0.04,5387,-9.39,2.24,2.7E-05,-14.77,2.88,6.3E-06,-11.3,1.9,5.5E-08,1.4E-01,2.8E-01,0.24,0.05,4333,-3.73,1.54,1.5E-02,-13.11,5.90,2.7E-02,-5.1,1.4,3.3E-04,1.1E-01,1.2E-01,0.25,0.04,9720,1.2E-10,
cg00138407,3,47386505,KLHL18,Yes,Yes,0.64,0.04,5387,11.63,2.95,7.9E-05,17.62,3.22,1.5E-06,14.1,2.4,4.5E-08,1.7E-01,2.2E-01,0.65,0.07,4998,3.01,1.22,1.4E-02,6.74,7.19,3.5E-01,3.6,1.4,8.4E-03,1.5E-01,6.1E-01,0.64,0.06,10385,7.9E-09,
cg00108715,3,52565015,NT5DC2,Yes,Yes,0.72,0.03,5385,19.00,3.25,5.2E-09,32.07,6.95,4.9E-05,21.3,3.2,4.0E-10,8.9E-02,1.2E-01,0.68,0.07,4998,4.70,1.46,1.2E-03,19.39,8.05,1.6E-02,7.4,2.0,2.4E-04,7.9E-01,7.3E-02,0.70,0.05,10383,1.7E-12,
cg22012981,3,58522689,ACOX2,Yes,Yes,0.74,0.03,5376,17.21,3.92,1.1E-05,9.09,1.42,2.0E-08,10.2,1.5,3.5E-10,5.2E-02,6.8E-02,0.74,0.05,4998,6.13,1.97,1.8E-03,10.98,10.08,2.8E-01,8.1,2.3,5.8E-04,5.3E-01,6.4E-01,0.74,0.04,10374,4.9E-12,
cg10549088,3,64277154,PRICKLE2,Yes,Yes,0.47,0.04,5382,7.44,2.40,1.9E-03,13.54,2.27,1.6E-07,10.5,1.8,7.7E-08,6.5E-02,3.3E-01,0.46,0.07,2819,2.91,1.77,1.0E-01,13.21,5.99,2.8E-02,4.1,2.0,4.1E-02,3.3E-02,9.9E-02,0.47,0.05,8201,2.8E-08,
cg12992827,3,101901234,ZPLD1,Yes,Yes,0.72,0.05,5386,-8.81,2.09,2.5E-05,-23.60,3.20,9.1E-11,-13.0,1.9,2.9E-10,1.1E-04,1.5E-04,0.73,0.07,4333,-5.93,1.33,8.1E-06,-13.60,5.80,1.9E-02,-7.1,1.5,2.2E-06,3.0E-01,2.0E-01,0.72,0.06,9719,3.9E-15,
cg23232188,3,121556543,EAF2,Yes,Yes,0.64,0.05,5382,15.27,2.67,1.0E-08,29.74,4.52,7.3E-09,18.7,2.5,4.0E-12,5.8E-03,4.3E-02,0.64,0.07,4998,4.18,1.17,3.5E-04,21.60,7.12,2.5E-03,5.4,1.3,1.9E-05,9.1E-02,1.6E-02,0.64,0.06,10380,1.7E-15,
cg16846518,3,128062608,EEFSEC,Yes,Yes,0.51,0.04,5379,-14.53,2.62,3.1E-08,-23.71,7.02,2.9E-03,-15.4,2.6,6.7E-08,2.2E-01,4.9E-01,0.51,0.08,4333,-3.34,1.28,8.9E-03,-17.18,6.90,1.3E-02,-4.8,1.5,1.8E-03,8.6E-03,4.8E-02,0.51,0.06,9712,1.0E-09,
cg25197194,3,128758787,EFCC1,Yes,Yes,0.56,0.05,5385,-10.09,1.74,6.8E-09,-37.62,10.34,1.3E-03,-11.0,1.8,3.1E-08,8.6E-03,3.5E-02,0.55,0.08,4998,-1.66,1.12,1.4E-01,-7.21,4.56,1.1E-01,-3.6,1.3,4.4E-03,4.2E-01,2.4E-01,0.55,0.06,10383,2.5E-09,
cg00673344,3,156807691,LINC00880,Yes,Yes,0.29,0.04,5385,-16.29,2.86,1.2E-08,-15.66,5.32,9.5E-03,-16.0,2.7,5.3E-08,9.2E-01,3.4E-01,0.30,0.05,4998,-3.56,1.44,1.3E-02,-16.25,7.31,2.7E-02,-4.4,1.4,1.5E-03,4.6E-02,8.9E-02,0.30,0.05,10383,8.9E-10,
cg18098839,3,167742700,GOLIM4,Yes,Yes,0.14,0.03,5372,-15.20,3.16,1.5E-06,-15.80,2.52,3.6E-08,-15.7,2.2,2.7E-11,8.8E-01,2.1E-01,0.14,0.03,4332,-11.62,2.51,3.6E-06,-35.05,9.70,3.3E-04,-14.1,2.3,1.7E-09,3.7E-01,1.9E-02,0.14,0.03,9704,2.7E-19,
cg02417857,3,181326706,SOX2-OT,No,Yes,0.73,0.05,5347,7.40,1.64,6.7E-06,15.44,2.73,6.8E-07,9.6,1.5,7.6E-09,1.2E-02,1.5E-02,0.67,0.08,4994,4.04,1.07,1.5E-04,1.53,4.08,7.1E-01,4.8,1.2,5.3E-05,6.4E-01,5.5E-01,0.70,0.07,10341,3.3E-12,
cg15721584,3,181326755,SOX2-OT,Yes,Yes,0.45,0.07,5344,7.70,1.41,4.9E-08,16.39,2.10,7.5E-12,10.4,1.3,4.9E-14,5.9E-04,1.8E-04,0.48,0.09,4332,4.58,1.02,7.5E-06,8.06,3.53,2.3E-02,6.4,1.1,1.6E-08,6.9E-01,3.4E-01,0.46,0.08,9676,6.6E-21,
cg09831562,3,181327125,SOX2-OT,No,Yes,0.81,0.05,5372,9.64,1.97,9.6E-07,32.55,4.93,6.5E-09,12.7,2.0,2.6E-09,1.6E-05,4.8E-04,0.79,0.06,4332,8.52,1.60,9.1E-08,3.61,5.24,4.9E-01,9.0,1.8,2.8E-07,6.8E-01,3.7E-01,0.80,0.05,9704,3.8E-15,
cg10513161,3,183705727,ABCC5,Yes,Yes,0.80,0.02,5372,20.67,4.86,2.1E-05,24.54,4.60,2.7E-06,22.4,3.7,1.5E-08,5.6E-01,3.6E-01,0.80,0.05,4332,3.32,1.82,6.8E-02,34.91,12.28,4.6E-03,7.5,2.3,1.2E-03,1.9E-01,1.1E-02,0.80,0.04,9704,1.8E-10,
cg06164260,3,187454439,BCL6,Yes,Yes,0.46,0.03,5379,-28.85,3.68,4.7E-15,-17.25,2.49,1.2E-09,-21.3,2.3,8.1E-18,9.1E-03,9.5E-02,0.43,0.03,4998,-10.59,2.25,2.4E-06,-29.87,9.77,2.4E-03,-13.0,2.2,4.9E-09,3.9E-02,5.5E-02,0.45,0.03,10377,1.2E-24,
cg18513344,3,195531298,MUC4,Yes,Yes,0.27,0.03,5378,-15.81,3.55,8.4E-06,-14.36,2.04,6.5E-10,-14.7,2.0,6.0E-12,7.2E-01,7.7E-01,0.26,0.03,4997,-9.61,2.33,3.7E-05,-27.88,9.24,2.7E-03,-12.1,2.3,1.1E-07,1.4E-02,5.5E-02,0.27,0.03,10375,5.9E-18,
cg10438589,4,14531493,LINC00504,Yes,Yes,0.46,0.06,5376,11.69,2.23,1.5E-07,26.65,6.22,1.6E-04,13.2,2.3,6.5E-08,2.4E-02,3.8E-02,0.47,0.11,4333,2.50,0.96,9.1E-03,16.68,5.55,2.8E-03,4.1,1.1,2.4E-04,1.7E-02,1.2E-02,0.46,0.09,9709,9.5E-11,
cg26542660,4,56813860,CEP135,Yes,Yes,0.19,0.03,5354,-21.04,4.33,1.2E-06,-24.72,5.94,2.5E-04,-22.1,3.8,8.5E-08,6.2E-01,6.2E-01,0.20,0.04,4997,-5.13,1.97,9.1E-03,-26.50,10.63,1.3E-02,-5.2,1.8,4.4E-03,3.6E-02,4.8E-02,0.19,0.03,10351,5.5E-09,
cg06690548,4,139162808,SLC7A11,Yes,Yes,0.86,0.04,5373,-19.00,2.13,4.4E-19,-3.79,0.89,1.7E-04,-6.3,0.9,3.0E-10,4.4E-11,7.6E-09,0.87,0.04,4998,-10.11,1.57,1.3E-10,-18.18,7.51,1.6E-02,-11.7,1.6,1.0E-12,7.7E-02,2.9E-01,0.86,0.04,10371,2.5E-21,
cg11080651,5,10445523,ROPN1L,Yes,Yes,0.23,0.04,5382,-24.62,4.49,4.0E-08,-28.99,6.70,1.4E-04,-26.0,4.1,2.9E-09,5.9E-01,8.6E-01,0.22,0.04,4333,-3.44,1.76,5.0E-02,-37.34,11.25,9.6E-04,-4.5,1.7,9.1E-03,4.4E-02,2.9E-03,0.23,0.04,9715,7.2E-10,
cg13276570,5,10567643,ANKRD33B,No,Yes,0.92,0.02,5376,14.29,3.81,1.8E-04,6.47,1.12,3.7E-07,7.2,1.2,4.5E-08,4.9E-02,1.4E-01,0.90,0.03,4333,9.66,2.54,1.4E-04,10.42,10.96,3.4E-01,9.4,2.4,1.2E-04,5.4E-01,9.5E-01,0.91,0.03,9709,3.3E-11,
cg17320136,5,10567905,ANKRD33B,No,Yes,0.55,0.03,5387,13.62,3.92,5.1E-04,30.43,4.61,7.0E-09,20.2,3.3,1.1E-08,5.5E-03,2.3E-02,0.56,0.07,4333,3.74,1.62,2.1E-02,17.27,9.45,6.8E-02,6.1,2.0,1.7E-03,4.6E-01,1.6E-01,0.55,0.05,9720,2.1E-10,
cg22143698,5,10608058,ANKRD33B,No,Yes,0.28,0.06,5374,15.28,2.56,2.4E-09,13.96,6.67,6.5E-02,15.2,2.6,5.7E-08,8.5E-01,9.2E-01,0.28,0.07,4998,2.12,1.07,4.7E-02,17.86,7.44,1.7E-02,2.7,1.1,1.2E-02,6.8E-02,3.6E-02,0.28,0.06,10372,1.6E-08,
cg10179300,5,14147618,TRIO,Yes,Yes,0.85,0.03,5384,13.56,3.39,6.4E-05,20.66,3.27,2.9E-08,17.1,2.6,9.1E-10,1.3E-01,2.7E-01,0.86,0.03,4333,11.05,2.37,3.0E-06,18.87,8.61,2.9E-02,13.0,2.6,4.4E-07,9.2E-01,3.8E-01,0.85,0.03,9717,2.2E-15,
cg04232128,5,138861241,TMEM173,Yes,Yes,0.27,0.04,5383,-18.09,4.19,1.6E-05,-37.08,6.63,8.8E-07,-23.0,3.8,3.0E-08,1.6E-02,1.0E-01,0.26,0.05,4998,-5.31,1.56,6.4E-04,-22.77,9.88,2.2E-02,-6.5,1.6,5.0E-05,1.6E-01,8.1E-02,0.27,0.04,10381,1.0E-11,
cg26403843,5,158634085,RNF145,Yes,Yes,0.40,0.07,5346,9.52,1.36,2.2E-12,13.97,2.18,1.9E-08,10.7,1.3,2.9E-15,8.4E-02,4.2E-01,0.36,0.07,4996,7.51,1.06,1.4E-12,6.49,3.06,3.4E-02,7.7,1.0,5.1E-14,4.3E-01,7.5E-01,0.38,0.07,10342,1.0E-27,
cg11927233,5,170816542,NPM1,Yes,Yes,0.30,0.05,5369,9.96,1.71,6.1E-09,12.04,2.85,2.0E-04,10.5,1.6,1.3E-09,5.3E-01,6.8E-01,0.30,0.05,4333,6.51,1.64,6.8E-05,3.74,4.46,4.0E-01,6.9,1.5,4.3E-06,4.2E-01,5.6E-01,0.30,0.05,9702,3.3E-14,
cg02286155,5,176826262,SLC34A1,Yes,Yes,0.71,0.03,5383,18.39,4.45,3.6E-05,27.57,4.16,6.1E-09,23.2,3.3,1.2E-10,1.3E-01,2.9E-01,0.66,0.06,4998,5.89,1.92,2.1E-03,1.68,11.27,8.8E-01,9.4,2.4,9.3E-05,3.1E-01,7.1E-01,0.68,0.04,10381,2.0E-13,
cg22590032,5,180050565,FLT4,Yes,Yes,0.23,0.03,5384,14.70,4.29,6.0E-04,13.70,2.15,2.0E-08,13.9,2.1,2.5E-09,8.3E-01,5.3E-01,0.22,0.03,4998,7.57,2.33,1.2E-03,36.61,11.24,1.2E-03,8.6,2.2,1.1E-04,3.1E-02,1.2E-02,0.23,0.03,10382,2.9E-12,
cg09222732,6,466893,EXOC2,Yes,Yes,0.87,0.02,5384,-24.06,5.22,4.1E-06,-31.09,6.62,3.5E-05,-26.2,4.4,5.0E-08,4.0E-01,3.9E-01,0.84,0.03,3581,-10.97,2.71,5.2E-05,-3.35,11.28,7.7E-01,-11.4,2.7,2.1E-05,1.1E-01,5.1E-01,0.86,0.03,8965,4.7E-12,"SNP under Probe,MAF<1%; SNP under Probe,MAF>1%;"
cg10975897,6,15504844,JARID2,Yes,Yes,0.53,0.06,5357,-10.68,2.23,1.6E-06,-19.37,3.73,4.9E-06,-12.9,2.1,8.2E-09,4.5E-02,2.4E-01,0.53,0.07,4333,-4.24,1.31,1.2E-03,-5.22,4.97,3.0E-01,-4.9,1.3,1.1E-04,4.9E-01,8.5E-01,0.53,0.06,9690,6.0E-12,"SNP under Probe,MAF>1%;"
cg24776142,6,16513829,ATXN1,Yes,No,0.42,0.05,5381,12.07,2.66,5.5E-06,24.19,4.78,8.4E-06,14.6,2.5,7.6E-08,2.7E-02,2.6E-01,0.41,0.08,4998,1.72,1.08,1.1E-01,10.88,7.07,1.2E-01,1.9,1.1,9.4E-02,7.4E-02,2.0E-01,0.41,0.07,10379,4.8E-07,
cg00094412,6,29592854,GABBR1,Yes,Yes,0.60,0.04,5370,-15.00,2.68,2.3E-08,-28.85,7.00,2.8E-04,-16.6,2.7,1.1E-08,6.5E-02,4.3E-01,0.59,0.07,4267,-7.06,1.57,6.6E-06,-9.44,6.47,1.5E-01,-8.2,1.8,3.0E-06,3.9E-01,7.2E-01,0.59,0.06,9637,1.6E-13,
cg10970124,6,31634602,CSNK2B,No,Yes,0.18,0.02,5326,16.48,4.87,7.2E-04,21.12,3.77,8.1E-07,19.5,3.3,4.9E-08,4.5E-01,3.0E-01,0.18,0.03,4332,10.10,2.80,3.2E-04,13.38,12.28,2.8E-01,9.7,2.6,2.0E-04,2.5E-03,7.9E-01,0.18,0.03,9658,6.1E-11,
cg13123009,6,31681882,LY6G6F,Yes,Yes,0.45,0.03,5381,16.72,3.23,2.2E-07,22.21,4.65,2.7E-05,18.4,2.9,3.4E-09,3.3E-01,4.7E-01,0.42,0.05,4333,5.51,1.71,1.2E-03,22.33,8.40,8.1E-03,8.2,1.9,1.2E-05,4.5E-02,5.0E-02,0.44,0.04,9714,2.4E-13,
cg03957124,6,37016869,COX6A1P2,Yes,Yes,0.57,0.05,5378,-17.98,3.36,8.4E-08,-70.38,10.20,1.4E-09,-22.3,3.4,1.6E-09,1.1E-06,1.5E-04,0.53,0.10,4998,-2.70,1.06,1.1E-02,-18.04,8.88,4.3E-02,-3.1,1.2,8.5E-03,8.9E-04,8.7E-02,0.55,0.08,10376,6.7E-10,
cg18120259,6,43894639,C6orf223,Yes,Yes,0.56,0.05,5380,-20.46,2.85,7.1E-13,-7.57,2.20,2.4E-03,-12.6,1.9,1.6E-09,3.5E-04,1.5E-03,0.56,0.09,4998,-5.57,1.12,6.0E-07,-12.69,6.66,5.7E-02,-7.9,1.3,3.2E-09,1.7E-01,2.9E-01,0.56,0.07,10378,2.8E-17,
cg06560379,6,44231305,NFKBIE,No,Yes,0.11,0.02,5382,-21.97,5.09,1.6E-05,-54.53,8.22,5.6E-09,-29.8,4.7,3.8E-09,7.6E-04,2.6E-03,0.12,0.02,4998,-15.23,2.95,2.5E-07,-57.50,14.41,7.6E-05,-16.6,2.8,2.5E-09,2.1E-02,4.1E-03,0.11,0.02,10380,5.3E-17,
cg06012428,6,157477204,ARID1B,Yes,Yes,0.65,0.05,5384,-18.61,3.37,3.3E-08,-30.22,6.81,9.3E-05,-20.8,3.3,3.7E-09,1.3E-01,4.0E-01,0.67,0.08,4998,-2.72,1.20,2.3E-02,-9.41,8.11,2.5E-01,-3.0,1.3,2.1E-02,5.6E-01,4.2E-01,0.66,0.06,10382,5.0E-09,
cg03940776,6,158490013,SYNJ2,Yes,Yes,0.44,0.03,5379,-23.40,4.07,8.9E-09,-45.75,9.94,5.1E-05,-25.9,4.0,3.0E-09,3.7E-02,8.3E-02,0.43,0.05,4998,-8.43,1.86,5.9E-06,-27.47,9.88,5.6E-03,-11.9,2.1,2.0E-08,4.9E-02,5.8E-02,0.44,0.04,10377,3.3E-16,
cg17501210,6,166970252,RPS6KA2,Yes,Yes,0.72,0.05,5385,-15.86,2.14,1.2E-13,-26.07,3.22,1.4E-12,-18.4,1.9,8.2E-19,8.3E-03,1.8E-03,0.73,0.06,4333,-11.72,1.47,1.7E-15,-16.31,4.23,1.3E-04,-15.2,1.6,6.4E-21,1.8E-01,3.1E-01,0.72,0.06,9718,7.7E-38,
cg09697999,7,733198,PRKAR1B,Yes,No,0.76,0.07,5385,9.45,1.62,5.6E-09,21.07,6.02,2.1E-03,10.0,1.7,3.1E-08,6.2E-02,1.4E-01,0.73,0.09,3578,1.36,1.11,2.2E-01,1.97,3.52,5.8E-01,1.6,1.1,1.3E-01,6.8E-01,8.7E-01,0.75,0.08,8963,1.5E-07,"SNP under Probe,MAF>1%;"
cg08972190,7,2138995,MAD1L1,No,Yes,0.84,0.03,5377,24.91,4.18,2.5E-09,60.76,13.97,1.3E-04,26.7,4.3,6.8E-09,1.4E-02,2.7E-03,0.78,0.05,4332,8.34,1.64,4.0E-07,24.96,8.63,4.0E-03,9.4,1.7,2.0E-08,6.1E-02,5.8E-02,0.81,0.04,9709,7.3E-16,
cg05095590,7,2139259,MAD1L1,Yes,Yes,0.64,0.08,5033,9.02,1.37,4.0E-11,22.41,6.41,2.1E-03,9.5,1.4,9.6E-10,4.1E-02,1.7E-01,0.54,0.10,2020,2.60,1.43,7.0E-02,4.96,2.55,5.2E-02,5.1,1.4,4.1E-04,5.9E-01,4.2E-01,0.61,0.09,7053,1.7E-12,
cg26804423,7,8201134,ICA1,Yes,Yes,0.69,0.04,5387,19.47,3.96,8.9E-07,21.02,3.75,8.4E-07,20.5,3.0,2.4E-10,7.8E-01,4.8E-01,0.70,0.07,4998,3.85,1.37,5.0E-03,32.53,9.30,5.1E-04,4.7,1.6,2.6E-03,5.0E-02,2.3E-03,0.69,0.06,10385,3.0E-11,
cg24469729,7,27160520,HOXA-AS2,Yes,Yes,0.73,0.03,5382,11.59,3.00,1.1E-04,27.31,4.36,3.7E-08,16.2,2.7,2.3E-08,3.0E-03,5.6E-02,0.72,0.08,4998,3.59,1.37,8.6E-03,14.72,6.96,3.5E-02,7.4,1.9,8.6E-05,7.1E-01,1.2E-01,0.72,0.06,10380,1.5E-11,
cg21429551,7,30635762,GARS,Yes,Yes,0.42,0.08,5384,-7.32,1.09,1.5E-11,-5.45,2.03,1.8E-02,-6.9,1.0,6.2E-10,4.2E-01,4.7E-01,0.41,0.07,4998,-4.56,0.98,3.3E-06,-3.09,2.98,3.0E-01,-4.7,0.9,2.8E-07,9.2E-01,6.4E-01,0.41,0.07,10382,1.1E-15,
cg23068772,7,30737061,CRHR2,No,Yes,0.60,0.04,5385,-12.94,2.45,1.3E-07,-20.82,4.06,6.3E-06,-14.7,2.3,2.0E-09,9.6E-02,2.4E-01,0.58,0.06,4998,-6.97,1.51,4.1E-06,-12.97,6.11,3.4E-02,-9.2,1.8,3.6E-07,8.5E-01,3.4E-01,0.59,0.05,10383,4.1E-15,
cg04577162,7,73667397,RFC2,Yes,Yes,0.62,0.04,5386,16.67,3.28,3.8E-07,36.15,6.51,1.1E-06,20.3,3.2,2.6E-09,7.6E-03,1.1E-01,0.59,0.09,4998,4.33,1.32,1.0E-03,12.92,7.98,1.1E-01,6.0,1.7,2.7E-04,7.5E-01,2.9E-01,0.60,0.07,10384,9.5E-12,
cg19566658,7,100466241,TRIP6,Yes,Yes,0.69,0.04,5380,10.49,2.37,9.4E-06,22.23,3.65,8.5E-08,13.5,2.2,5.9E-09,7.0E-03,7.2E-02,0.66,0.05,4998,4.11,1.51,6.6E-03,11.68,5.82,4.5E-02,4.4,1.5,3.0E-03,5.0E-01,2.1E-01,0.68,0.04,10378,4.1E-10,
cg23261443,7,101596340,CUX1,No,Yes,0.48,0.05,5348,-12.84,2.92,1.1E-05,-20.70,3.90,3.0E-06,-15.5,2.5,1.9E-08,1.1E-01,5.1E-01,0.48,0.06,4998,-2.69,1.27,3.4E-02,-21.15,8.17,9.9E-03,-3.7,1.3,4.3E-03,9.0E-03,2.6E-02,0.48,0.06,10346,1.7E-09,
cg22103219,7,101934892,SH2B2,Yes,Yes,0.39,0.05,5382,-15.07,2.14,1.9E-12,-14.40,3.74,6.9E-04,-14.9,2.0,7.0E-12,8.8E-01,9.5E-01,0.35,0.05,4998,-4.80,1.42,7.1E-04,-8.36,5.59,1.4E-01,-5.0,1.3,2.0E-04,5.4E-01,5.4E-01,0.37,0.05,10380,5.7E-14,
cg05720226,7,116786597,ST7,Yes,Yes,0.79,0.03,5387,13.42,3.50,1.3E-04,31.29,4.93,2.5E-08,18.9,3.1,1.4E-08,3.1E-03,4.5E-02,0.80,0.05,4998,5.75,1.97,3.6E-03,15.64,8.57,6.9E-02,8.0,2.2,2.1E-04,7.3E-01,2.6E-01,0.80,0.04,10385,2.8E-11,
cg27269962,7,127540997,SND1,Yes,Yes,0.73,0.03,5359,21.16,4.11,2.6E-07,23.29,4.85,2.4E-05,22.3,3.4,1.5E-09,7.4E-01,3.9E-01,0.72,0.05,4998,5.68,1.92,3.2E-03,16.83,9.05,6.3E-02,6.8,2.4,4.0E-03,6.2E-01,2.3E-01,0.73,0.04,10357,2.2E-10,
cg25435714,7,157083381,RN7SL142P,Yes,Yes,0.65,0.05,5381,13.24,2.57,2.6E-07,29.47,4.98,2.0E-07,16.5,2.5,5.3E-10,3.8E-03,4.3E-02,0.62,0.05,4997,3.36,1.44,1.9E-02,8.75,6.48,1.8E-01,3.4,1.4,1.5E-02,4.7E-01,4.2E-01,0.64,0.05,10378,7.3E-10,
cg24531955,8,23154691,LOXL2,Yes,Yes,0.26,0.04,5386,-12.40,2.33,1.1E-07,-9.96,1.87,2.6E-06,-11.0,1.6,3.2E-10,4.1E-01,8.1E-01,0.25,0.04,4998,-8.63,1.70,4.1E-07,-12.10,6.81,7.6E-02,-9.4,1.6,9.1E-09,3.7E-01,6.2E-01,0.26,0.04,10384,1.6E-17,
cg25230327,8,82042993,PAG1,No,Yes,0.35,0.05,5384,-13.56,2.47,4.0E-08,-9.82,2.77,1.8E-03,-12.0,2.0,3.7E-08,3.1E-01,6.0E-01,0.35,0.08,4998,-2.84,1.10,9.8E-03,-11.69,5.85,4.6E-02,-3.5,1.1,1.6E-03,3.9E-01,1.4E-01,0.35,0.06,10382,7.9E-10,
cg21037180,8,82276987,PMP2,Yes,No,0.23,0.06,5242,4.78,1.27,1.7E-04,2.55,0.43,2.2E-07,2.8,0.5,1.8E-08,9.8E-02,2.5E-01,0.26,0.06,4997,1.58,1.20,1.9E-01,-3.30,3.95,4.0E-01,1.1,1.1,3.2E-01,3.2E-01,2.4E-01,0.24,0.06,10239,2.2E-06,"SNP under Probe,MAF<1%; SNP under Probe,MAF>1%;"
cg19589396,8,103937374,RPL5P24,Yes,Yes,0.70,0.05,5340,-14.22,2.49,1.2E-08,-14.69,3.00,1.7E-05,-14.3,2.1,2.3E-10,9.0E-01,9.1E-01,0.70,0.08,4998,-5.51,1.18,3.2E-06,-9.10,5.70,1.1E-01,-6.9,1.3,2.2E-07,2.0E-01,5.4E-01,0.70,0.06,10338,3.3E-16,
cg07471614,8,125855152,LINC00964,Yes,Yes,0.85,0.02,5382,16.17,4.01,5.6E-05,31.10,5.16,1.2E-07,21.3,3.4,9.4E-09,2.2E-02,1.2E-01,0.85,0.04,4998,5.63,2.30,1.4E-02,15.16,10.78,1.6E-01,8.1,2.8,3.2E-03,7.4E-01,3.9E-01,0.85,0.03,10380,6.5E-10,
cg26952928,8,142230233,SLC45A4,Yes,Yes,0.78,0.03,5383,14.16,3.35,2.4E-05,24.31,4.07,1.5E-07,18.1,2.8,3.6E-09,5.4E-02,3.4E-01,0.76,0.05,4998,3.79,1.97,5.4E-02,18.57,9.48,5.1E-02,4.8,2.1,2.1E-02,8.2E-02,1.3E-01,0.77,0.04,10381,4.8E-09,
cg25392060,8,142297121,SLC45A4,No,Yes,0.47,0.04,5385,8.49,2.73,1.9E-03,40.66,4.95,6.1E-13,15.1,2.6,6.4E-08,1.3E-08,3.5E-06,0.45,0.05,4998,4.52,1.60,4.6E-03,11.89,6.59,7.2E-02,4.8,1.6,3.0E-03,3.2E-01,2.8E-01,0.46,0.05,10383,2.6E-09,
cg26610247,8,142297175,SLC45A4,No,Yes,0.55,0.05,5384,7.59,2.19,5.2E-04,28.38,3.82,7.1E-11,12.1,2.1,5.1E-08,2.3E-06,1.8E-04,0.54,0.05,4998,6.27,1.55,5.2E-05,7.08,5.38,1.9E-01,6.3,1.5,1.8E-05,5.9E-01,8.8E-01,0.54,0.05,10382,5.3E-12,
cg26361535,8,144576604,ZC3H3,Yes,Yes,0.75,0.05,5383,9.12,1.93,2.4E-06,14.02,2.21,2.5E-08,11.0,1.6,1.4E-10,9.5E-02,3.8E-01,0.73,0.07,4997,5.03,1.19,2.4E-05,1.78,5.03,7.2E-01,5.8,1.3,8.7E-06,1.6E-01,5.3E-01,0.74,0.06,10380,1.3E-14,
cg02716826,9,33447032,AQP3,Yes,Yes,0.40,0.04,5374,-14.60,2.75,1.1E-07,-14.32,2.13,3.6E-09,-14.2,1.9,1.6E-12,9.4E-01,7.3E-02,0.36,0.04,4998,-8.50,1.70,5.8E-07,-16.59,6.49,1.1E-02,-10.2,1.6,3.5E-10,2.7E-02,2.3E-01,0.38,0.04,10372,3.6E-21,
cg13591783,9,75768868,ANXA1,Yes,Yes,0.22,0.05,5383,-15.25,2.94,2.1E-07,-12.69,3.56,1.7E-03,-14.3,2.5,9.0E-08,5.8E-01,7.4E-01,0.26,0.09,4333,-3.09,1.00,2.0E-03,-13.01,6.87,5.9E-02,-4.5,1.1,2.3E-05,3.2E-01,1.5E-01,0.24,0.07,9716,1.0E-11,
cg14264316,9,134280803,PRRC2B,Yes,Yes,0.64,0.04,5378,10.41,2.42,1.6E-05,15.60,2.85,1.5E-06,12.5,2.0,1.1E-08,1.7E-01,5.3E-01,0.62,0.07,4333,2.47,1.24,4.6E-02,20.79,7.47,5.6E-03,5.0,1.4,3.9E-04,1.0E-01,1.6E-02,0.63,0.06,9711,3.6E-11,
cg14559176,9,138872899,UBAC1,No,Yes,0.71,0.03,5384,11.16,4.86,2.2E-02,6.75,1.07,3.3E-08,7.0,1.2,5.5E-08,3.8E-01,3.5E-01,0.66,0.05,4333,4.28,1.99,3.1E-02,22.69,11.49,4.9E-02,5.2,2.6,4.5E-02,2.7E-01,1.1E-01,0.68,0.04,9717,7.3E-08,
cg13781414,9,138951648,NACC2,Yes,Yes,0.76,0.03,5361,-10.36,4.19,1.4E-02,-12.46,2.01,5.2E-08,-12.0,2.0,4.3E-08,6.5E-01,9.7E-01,0.75,0.05,4331,-5.69,1.98,4.0E-03,-5.81,10.21,5.7E-01,-8.3,2.4,5.5E-04,6.1E-01,9.9E-01,0.75,0.04,9692,1.7E-10,
cg19695507,10,13526193,BEND7,Yes,Yes,0.16,0.04,5381,7.03,1.95,3.0E-04,12.47,1.82,1.9E-09,9.8,1.5,7.8E-10,4.2E-02,3.3E-01,0.17,0.04,4996,4.08,1.75,2.0E-02,0.99,5.51,8.6E-01,4.2,1.6,9.3E-03,8.5E-01,5.9E-01,0.16,0.04,10377,4.6E-10,"SNP under Probe,MAF<1%;"
cg26033520,10,74004071,ANAPC16,Yes,Yes,0.78,0.05,5319,9.18,1.79,3.1E-07,22.00,3.38,1.1E-08,11.9,1.7,1.6E-10,8.1E-04,1.1E-02,0.74,0.05,4996,7.73,1.46,1.3E-07,15.70,5.46,4.2E-03,8.5,1.4,2.9E-09,4.4E-01,1.6E-01,0.76,0.05,10315,2.6E-18,
cg04126866,10,85932763,C10orf99,Yes,Yes,0.83,0.02,5346,23.50,5.55,2.3E-05,33.04,6.41,5.7E-06,27.4,4.6,3.0E-08,2.6E-01,4.7E-01,0.81,0.05,4998,4.69,1.87,1.2E-02,2.22,12.93,8.6E-01,7.2,2.2,1.3E-03,3.0E-01,8.5E-01,0.82,0.04,10344,4.9E-10,
cg16578636,10,92987457,PCGF5,Yes,Yes,0.34,0.06,5380,-9.58,1.50,1.8E-10,-3.91,1.61,3.3E-02,-7.0,1.2,8.8E-08,1.0E-02,9.9E-03,0.31,0.06,4333,-1.02,1.31,4.4E-01,-10.47,3.53,3.2E-03,-2.5,1.2,3.9E-02,1.8E-02,1.2E-02,0.33,0.06,9713,8.2E-08,
cg07504977,10,102131012,LINC00263,Yes,Yes,0.43,0.05,5383,11.41,1.88,1.3E-09,36.46,7.90,4.9E-05,12.4,2.0,4.5E-09,2.0E-03,1.6E-02,0.39,0.07,4998,6.85,1.20,1.3E-08,9.53,5.11,6.3E-02,8.1,1.3,1.7E-10,4.6E-01,6.1E-01,0.41,0.06,10381,4.8E-18,
cg00547480,10,103875961,LDB1,No,Yes,0.42,0.04,5384,17.52,4.02,1.3E-05,31.36,5.65,1.1E-06,22.0,3.6,1.1E-08,4.6E-02,1.6E-01,0.40,0.07,4998,2.91,1.38,3.5E-02,28.05,9.33,2.8E-03,4.2,1.5,4.4E-03,7.7E-02,7.7E-03,0.41,0.06,10382,1.1E-09,
cg00431050,10,103985730,ELOVL3,Yes,Yes,0.64,0.03,5383,-20.73,3.92,1.3E-07,-60.23,8.75,1.5E-09,-26.8,3.8,1.1E-10,3.8E-05,3.0E-03,0.60,0.07,4998,-3.61,1.61,2.5E-02,-22.84,8.92,1.1E-02,-5.6,1.9,2.9E-03,4.9E-02,3.4E-02,0.62,0.05,10381,1.9E-11,
cg26878209,10,112375475,SMC3,Yes,Yes,0.41,0.04,5377,12.03,2.45,9.1E-07,48.43,8.36,3.5E-07,14.9,2.5,4.3E-08,2.9E-05,6.8E-04,0.41,0.05,4997,5.27,1.57,7.7E-04,5.27,5.68,3.5E-01,5.2,1.5,8.0E-04,1.5E-01,1.0E+00,0.41,0.04,10374,3.6E-10,
cg00244001,10,126336805,FAM53B,Yes,Yes,0.18,0.03,5385,-33.52,4.86,5.1E-12,-32.83,7.21,6.1E-05,-33.3,4.4,2.0E-12,9.4E-01,9.9E-01,0.19,0.04,4998,-5.83,1.85,1.7E-03,-30.60,12.43,1.4E-02,-6.7,1.9,3.4E-04,1.0E-01,4.9E-02,0.18,0.04,10383,4.3E-14,
cg00238353,10,129785537,PTPRE,Yes,Yes,0.75,0.04,5363,8.08,2.19,2.2E-04,13.23,2.38,1.0E-06,10.2,1.8,9.2E-08,1.1E-01,4.4E-01,0.75,0.05,4998,3.39,1.52,2.6E-02,10.67,6.17,8.4E-02,5.1,1.7,2.4E-03,6.4E-01,2.5E-01,0.75,0.05,10361,2.7E-09,
cg10927968,11,1807333,CTSD,Yes,Yes,0.78,0.04,5381,9.98,2.24,8.5E-06,16.27,2.36,1.4E-09,12.8,1.8,3.9E-11,5.3E-02,3.3E-01,0.73,0.06,4331,5.99,1.48,5.0E-05,15.00,5.74,9.3E-03,6.6,1.5,6.0E-06,5.3E-01,1.3E-01,0.76,0.05,9712,2.0E-15,
cg06603309,11,2724144,KCNQ1,Yes,Yes,0.89,0.04,5379,-20.69,4.24,1.1E-06,-44.08,6.21,4.6E-10,-27.7,3.8,1.4E-11,1.9E-03,2.5E-02,0.85,0.06,4996,-3.50,1.47,1.7E-02,-2.87,10.77,7.9E-01,-4.2,1.5,5.3E-03,3.6E-01,9.5E-01,0.87,0.05,10375,1.0E-11,
cg02079413,11,2986505,NAP1L4,No,Yes,0.84,0.03,5380,13.61,3.06,8.5E-06,15.94,3.05,4.3E-06,14.6,2.4,9.4E-09,5.9E-01,8.8E-01,0.84,0.05,4998,6.94,1.62,1.9E-05,9.11,6.87,1.9E-01,7.4,1.7,2.1E-05,9.1E-01,7.6E-01,0.84,0.04,10378,1.4E-12,
cg07136133,11,36422377,PRR5L,Yes,Yes,0.23,0.04,5387,-16.78,2.78,1.6E-09,-45.81,7.68,1.6E-07,-19.8,2.8,6.5E-11,3.8E-04,1.8E-02,0.24,0.05,4998,-6.83,1.57,1.4E-05,-15.72,6.30,1.3E-02,-8.1,1.6,2.3E-07,5.4E-01,1.7E-01,0.24,0.04,10385,1.1E-16,
cg00220721,11,36422443,PRR5L,No,Yes,0.25,0.04,5387,-16.24,4.15,9.2E-05,-29.01,4.55,2.1E-08,-21.6,3.4,2.7E-09,3.8E-02,3.9E-02,0.25,0.05,4998,-2.77,1.56,7.5E-02,-22.93,9.00,1.1E-02,-5.0,1.7,2.9E-03,7.6E-02,2.7E-02,0.25,0.04,10385,2.1E-10,
cg21108085,11,44591098,CD82,Yes,Yes,0.21,0.04,5379,-19.20,3.62,1.1E-07,-16.54,4.50,1.2E-03,-18.1,3.1,5.0E-08,6.5E-01,9.3E-01,0.23,0.05,4998,-4.10,1.34,2.3E-03,-13.52,8.91,1.3E-01,-4.8,1.3,2.3E-04,3.9E-01,3.0E-01,0.22,0.05,10377,8.9E-11,
cg00417304,11,45124456,PRDM11,No,Yes,0.56,0.04,5368,-7.44,2.69,5.7E-03,-2.46,0.36,1.7E-09,-2.6,0.4,4.9E-09,6.7E-02,1.6E-02,0.51,0.07,4997,-2.55,1.28,4.7E-02,-13.84,7.04,5.0E-02,-4.6,1.5,1.7E-03,6.5E-01,1.2E-01,0.53,0.06,10365,1.7E-10,
cg05648472,11,45232364,PRDM11,Yes,Yes,0.52,0.03,5380,12.52,3.30,1.5E-04,20.39,2.86,3.6E-10,16.8,2.4,6.1E-11,7.1E-02,3.8E-01,0.48,0.04,4998,5.17,2.02,1.1E-02,17.02,7.24,1.9E-02,7.6,2.1,3.4E-04,3.8E-01,1.2E-01,0.50,0.04,10378,6.1E-13,"SNP under Probe,MAF<1%;"
cg11376147,11,57261198,SLC43A1,Yes,Yes,0.18,0.02,5382,-44.77,4.88,4.8E-20,-15.72,3.23,1.8E-05,-25.3,3.0,5.8E-15,6.9E-07,1.1E-04,0.19,0.03,4333,-7.70,2.40,1.4E-03,-12.48,12.88,3.3E-01,-9.1,2.4,1.6E-04,8.8E-03,7.2E-01,0.19,0.03,9715,7.7E-17,
cg03433986,11,62477624,BSCL2,Yes,Yes,0.64,0.04,5386,-17.87,3.02,3.2E-09,-24.41,6.47,8.9E-04,-18.6,2.9,4.5E-09,3.6E-01,1.7E-01,0.63,0.06,4998,-4.29,1.49,3.9E-03,-6.27,7.31,3.9E-01,-6.6,1.8,2.0E-04,8.6E-01,7.9E-01,0.63,0.05,10384,1.0E-11,
cg00574958,11,68607622,CPT1A,Yes,Yes,0.11,0.02,5378,-42.08,3.90,3.5E-27,-37.77,4.07,4.9E-16,-40.2,3.1,3.3E-33,4.4E-01,8.2E-01,0.12,0.03,4998,-18.44,2.52,2.7E-13,-33.90,10.14,8.9E-04,-21.3,2.4,2.8E-18,1.5E-06,1.4E-01,0.11,0.03,10376,6.8E-49,
cg17058475,11,68607737,CPT1A,No,Yes,0.13,0.04,5386,-13.56,2.65,3.2E-07,-28.75,3.95,1.6E-10,-18.2,2.4,2.8E-12,1.4E-03,9.9E-03,0.13,0.04,4333,-12.71,2.20,7.9E-09,-3.77,7.06,5.9E-01,-12.5,2.0,9.6E-10,3.2E-03,2.3E-01,0.13,0.04,9719,1.6E-20,
cg09777883,11,112093696,BCO2,Yes,Yes,0.66,0.04,5384,15.08,3.09,1.0E-06,16.12,3.56,6.6E-05,15.7,2.5,1.3E-08,8.3E-01,5.2E-01,0.68,0.08,4333,2.30,1.50,1.2E-01,22.42,7.85,4.5E-03,4.3,1.7,1.1E-02,2.8E-01,1.2E-02,0.67,0.06,9717,3.1E-09,
cg17260706,11,118782879,BCL9L,Yes,Yes,0.34,0.03,5381,-24.09,3.50,6.1E-12,-43.60,6.10,3.5E-10,-28.4,3.3,1.2E-15,5.5E-03,7.7E-02,0.33,0.04,4333,-10.06,2.25,8.0E-06,-15.09,9.33,1.1E-01,-9.7,2.1,4.7E-06,2.1E-02,6.0E-01,0.34,0.03,9714,2.0E-19,
cg26894079,11,122954435,CLMP,Yes,Yes,0.42,0.04,5380,-11.38,2.25,4.4E-07,-28.25,4.69,1.2E-07,-14.2,2.2,2.2E-09,1.2E-03,2.9E-02,0.42,0.07,4998,-6.70,1.28,1.9E-07,-14.32,6.15,2.0E-02,-8.9,1.4,3.8E-10,6.3E-02,2.3E-01,0.42,0.06,10378,5.1E-18,
cg11588197,11,128391494,ETS1,Yes,No,0.26,0.05,5386,-10.68,1.86,9.2E-09,-37.69,7.58,1.2E-05,-11.9,1.9,1.3E-08,5.4E-04,9.9E-03,0.27,0.05,4332,-0.99,1.40,4.8E-01,-5.76,4.88,2.4E-01,-1.6,1.3,2.0E-01,1.4E-01,3.5E-01,0.26,0.05,9718,3.4E-07,
cg20600850,12,6712515,CHD4,Yes,No,0.14,0.02,5373,-19.46,5.70,6.4E-04,-25.86,4.58,6.7E-07,-23.4,4.0,4.5E-08,3.8E-01,4.3E-01,0.13,0.03,4998,-0.65,2.81,8.2E-01,-29.26,13.64,3.2E-02,-4.3,2.8,1.2E-01,2.1E-01,4.0E-02,0.14,0.03,10371,5.4E-07,
cg22488164,12,14716910,PLBD1,Yes,Yes,0.75,0.04,5364,11.60,2.71,1.8E-05,17.96,2.76,1.0E-08,14.4,2.1,2.5E-10,1.0E-01,4.4E-01,0.75,0.06,4998,4.71,1.35,4.7E-04,20.53,6.18,9.5E-04,6.6,1.4,5.2E-06,3.4E-01,1.2E-02,0.75,0.05,10362,1.2E-14,
cg06898549,12,41083590,CNTN1,Yes,Yes,0.66,0.06,5371,8.56,1.58,5.9E-08,19.93,4.40,6.8E-05,9.8,1.6,1.8E-08,1.5E-02,1.7E-01,0.64,0.07,4996,4.21,1.23,6.3E-04,11.74,4.46,8.7E-03,5.7,1.3,7.0E-06,2.2E-01,1.0E-01,0.65,0.06,10367,7.5E-13,
cg04407417,12,52228651,SCN8A,Yes,No,0.78,0.02,5381,35.14,5.40,7.8E-11,12.62,4.04,6.0E-03,21.1,3.6,4.5E-08,8.5E-04,4.8E-03,0.78,0.04,4998,2.07,2.29,3.6E-01,-8.22,14.39,5.7E-01,1.5,2.8,6.0E-01,8.9E-02,4.8E-01,0.78,0.03,10379,1.7E-05,
cg03747456,12,52586127,KRT80,No,Yes,0.30,0.03,5383,-18.86,3.60,1.6E-07,-21.04,5.75,1.3E-03,-19.4,3.3,6.3E-08,7.5E-01,9.6E-01,0.30,0.04,4998,-5.70,1.88,2.4E-03,-22.94,9.37,1.5E-02,-7.6,1.9,5.1E-05,3.4E-01,7.1E-02,0.30,0.04,10381,2.0E-11,
cg06559575,12,53490352,IGFBP6,Yes,Yes,0.59,0.04,5375,-18.67,3.34,2.3E-08,-102.19,18.67,1.5E-06,-21.1,3.5,2.5E-08,1.1E-05,1.9E-04,0.56,0.08,4998,-6.16,1.22,4.7E-07,0.36,8.10,9.6E-01,-7.4,1.4,2.0E-07,3.2E-01,4.3E-01,0.58,0.07,10373,2.5E-14,
cg08640498,12,57828515,INHBC,Yes,No,0.68,0.02,5383,21.76,4.57,1.9E-06,24.41,4.63,3.6E-06,22.9,3.6,2.7E-09,6.8E-01,8.1E-01,0.68,0.06,4333,1.07,2.14,6.2E-01,16.79,10.97,1.3E-01,3.0,2.7,2.6E-01,6.9E-01,1.6E-01,0.68,0.04,9716,2.2E-07,
cg05845030,12,91573247,DCN,Yes,Yes,0.54,0.04,5380,-16.27,2.88,1.5E-08,-51.06,8.40,9.2E-08,-19.3,2.9,1.1E-09,9.0E-05,3.1E-03,0.53,0.09,4998,-3.57,1.07,8.3E-04,-10.20,7.00,1.5E-01,-5.4,1.3,5.9E-05,2.1E-01,3.5E-01,0.54,0.07,10378,6.9E-13,
cg27117792,12,102330180,DRAM1,Yes,Yes,0.29,0.05,5387,-13.17,2.50,1.3E-07,-11.85,3.34,1.8E-03,-12.9,2.2,4.5E-08,7.5E-01,2.8E-01,0.31,0.07,4998,-4.87,1.16,2.9E-05,-11.30,6.67,9.1E-02,-5.3,1.2,5.1E-06,5.5E-02,3.4E-01,0.30,0.06,10385,1.2E-12,
cg01511901,13,31004719,UBE2L5P,Yes,Yes,0.45,0.04,5377,-15.09,2.94,2.7E-07,-49.88,9.53,4.2E-06,-17.5,3.0,8.0E-08,4.9E-04,2.7E-03,0.45,0.08,4998,-2.63,1.19,2.8E-02,-17.96,7.52,1.7E-02,-5.2,1.5,3.3E-04,2.1E-01,4.4E-02,0.45,0.06,10375,2.1E-10,
cg19750657,13,38935967,UFM1,Yes,Yes,0.75,0.04,5384,18.80,2.68,2.4E-12,65.82,7.25,1.9E-15,23.9,2.7,2.2E-16,1.2E-09,1.9E-06,0.77,0.05,4997,7.85,1.50,1.6E-07,11.17,6.35,7.9E-02,10.8,1.6,4.7E-11,5.9E-01,6.1E-01,0.76,0.05,10381,1.1E-25,
cg26687842,13,41055491,LINC00598,Yes,Yes,0.69,0.03,5386,15.29,3.35,5.0E-06,13.50,2.78,1.9E-05,14.2,2.4,2.6E-08,6.8E-01,7.9E-01,0.67,0.07,4998,5.22,1.52,6.0E-04,10.23,7.22,1.6E-01,7.4,1.8,3.5E-05,1.5E-01,5.0E-01,0.68,0.05,10384,6.0E-12,
cg11650298,13,44690989,SMIM2-AS1,Yes,Yes,0.70,0.02,5375,-24.12,4.44,5.6E-08,-31.15,5.85,2.8E-06,-26.6,3.8,1.7E-10,3.4E-01,2.8E-01,0.70,0.05,4333,-5.36,2.09,1.0E-02,-28.04,11.94,1.9E-02,-10.6,2.8,1.3E-04,2.3E-01,6.1E-02,0.70,0.04,9708,2.6E-13,
cg19881557,14,20967426,RNASE10,Yes,Yes,0.68,0.05,5377,6.28,1.97,1.5E-03,14.89,2.31,1.4E-08,9.8,1.6,3.7E-08,4.6E-03,2.3E-02,0.66,0.06,4997,6.14,1.45,2.3E-05,11.48,5.56,4.0E-02,7.2,1.5,9.4E-07,9.5E-01,3.5E-01,0.67,0.05,10374,1.8E-13,
cg03523676,14,24540235,CPNE6,Yes,Yes,0.56,0.04,5387,17.16,2.78,7.2E-10,25.60,4.03,2.3E-08,19.5,2.5,3.5E-13,8.5E-02,1.7E-01,0.53,0.07,4998,3.39,1.45,2.0E-02,20.65,6.14,8.2E-04,5.1,1.6,1.7E-03,1.2E-01,6.2E-03,0.55,0.06,10385,1.2E-13,
cg13097800,14,47104140,RPL10L,Yes,Yes,0.58,0.04,5383,-18.87,3.23,5.3E-09,-16.57,4.90,2.9E-03,-18.0,2.9,1.4E-08,7.0E-01,7.0E-01,0.58,0.07,4333,-3.64,1.50,1.5E-02,-5.81,8.14,4.8E-01,-4.4,1.8,1.3E-02,4.8E-02,7.9E-01,0.58,0.05,9716,4.1E-09,"Cross-Hybridising Probe,chr9: 25469657 to 25469707"
cg26357885,14,65006204,HSPA2,Yes,Yes,0.22,0.03,5377,-21.16,3.23,6.0E-11,-24.73,8.41,9.6E-03,-21.8,3.2,5.7E-10,6.9E-01,6.9E-01,0.23,0.05,4998,-3.48,1.67,3.7E-02,-8.81,8.18,2.8E-01,-3.5,1.5,2.4E-02,5.0E-01,5.2E-01,0.23,0.04,10375,1.7E-09,
cg10919522,14,74227441,ELMSAN1,Yes,Yes,0.28,0.04,5375,-12.72,2.26,1.7E-08,-19.55,3.88,9.5E-06,-14.1,2.1,7.5E-10,1.3E-01,1.7E-01,0.27,0.04,4333,-7.32,1.74,2.6E-05,-9.35,5.87,1.1E-01,-7.7,1.6,1.4E-06,1.7E-01,7.4E-01,0.27,0.04,9708,5.9E-15,
cg19998073,14,89078443,ZC3H14,Yes,Yes,0.70,0.03,5385,15.03,3.53,2.1E-05,23.30,3.82,8.0E-08,18.6,2.8,1.3E-09,1.1E-01,5.5E-01,0.71,0.04,4998,2.99,2.00,1.4E-01,11.98,8.38,1.5E-01,5.8,2.2,9.2E-03,1.4E-01,3.0E-01,0.70,0.04,10383,6.7E-10,
cg00871207,14,89080250,EML5,No,Yes,0.82,0.03,5376,7.92,3.60,2.8E-02,10.68,1.70,3.2E-08,10.2,1.7,4.4E-08,4.9E-01,4.9E-01,0.82,0.04,4997,8.60,2.11,4.7E-05,13.41,10.48,2.0E-01,10.7,2.4,6.3E-06,5.9E-01,6.5E-01,0.82,0.03,10373,1.5E-12,
cg10814005,14,91711041,GPR68,Yes,Yes,0.15,0.03,5375,-12.58,2.87,1.2E-05,-16.44,3.40,2.1E-05,-14.1,2.4,5.1E-08,3.9E-01,5.9E-01,0.15,0.04,4333,-4.19,2.04,3.9E-02,-23.48,8.21,4.4E-03,-5.7,2.1,5.4E-03,3.0E-01,2.3E-02,0.15,0.03,9708,3.4E-09,"SNP under Probe,MAF>1%;"
cg13511324,14,104056883,APOPT1,Yes,No,0.59,0.05,5386,10.88,1.97,3.4E-08,16.10,5.08,5.3E-03,11.6,2.0,4.8E-08,3.4E-01,2.4E-01,0.59,0.08,4333,0.86,1.13,4.4E-01,2.01,4.73,6.7E-01,1.0,1.3,4.6E-01,5.4E-01,8.1E-01,0.59,0.07,9719,5.1E-06,
cg25096107,14,106037781,IGHA2,Yes,Yes,0.91,0.04,5382,-15.73,4.76,9.5E-04,-30.13,4.26,5.2E-10,-23.2,3.5,7.0E-10,2.4E-02,1.3E-01,0.85,0.06,2819,-5.79,2.27,1.1E-02,4.69,11.88,6.9E-01,-7.5,2.5,2.6E-03,2.5E-02,3.9E-01,0.89,0.04,8201,1.3E-11,"Cross-Hybridising Probe,chr14: 1191627 to 1191677; chr14: 106043856 to 106043906; chr14: 106046709 to 106046759; chr14: 106166642 to 106166692"
cg10734665,15,26107410,ATP10A,Yes,Yes,0.27,0.04,5385,-11.48,2.10,4.7E-08,-32.68,6.83,2.6E-05,-13.2,2.1,1.3E-08,3.0E-03,1.0E-02,0.26,0.04,4332,-5.17,1.74,2.9E-03,-0.52,5.23,9.2E-01,-4.9,1.6,2.3E-03,7.0E-01,4.0E-01,0.27,0.04,9717,3.5E-10,"SNP under Probe,MAF>1%;"
cg27184903,15,29285727,APBA2,Yes,Yes,0.57,0.03,5282,12.49,3.18,8.5E-05,22.83,4.11,1.0E-06,15.9,2.7,6.8E-08,4.7E-02,1.9E-01,0.54,0.08,4267,4.58,1.66,5.7E-03,14.43,6.87,3.6E-02,7.7,2.3,8.0E-04,1.6E-01,1.6E-01,0.55,0.06,9549,4.0E-10,
cg06192883,15,52554171,MYO5C,Yes,Yes,0.33,0.05,5384,11.28,2.43,3.5E-06,61.05,7.16,7.8E-14,15.8,2.5,3.9E-09,4.5E-11,1.2E-07,0.29,0.05,4998,8.81,1.50,3.8E-09,9.45,5.12,6.5E-02,9.3,1.4,8.7E-11,7.1E-01,9.1E-01,0.31,0.05,10382,2.3E-18,
cg07037944,15,64290807,DAPK2,Yes,Yes,0.25,0.03,5346,-19.59,3.20,9.3E-10,-28.96,5.67,7.0E-06,-21.4,3.0,4.9E-11,1.5E-01,3.3E-01,0.25,0.04,4997,-8.00,1.89,2.4E-05,-10.05,7.66,1.9E-01,-9.8,1.9,1.3E-07,8.7E-01,8.0E-01,0.25,0.04,10343,4.7E-17,
cg02119938,15,78505051,ACSBG1,Yes,Yes,0.92,0.03,5377,-22.57,3.85,4.5E-09,-24.38,4.73,5.7E-06,-23.4,3.2,2.9E-11,7.7E-01,9.2E-01,0.89,0.04,4998,-9.48,2.00,2.0E-06,-29.83,7.31,5.2E-05,-12.6,2.1,1.1E-09,1.6E-01,7.2E-03,0.91,0.03,10375,2.0E-19,"SNP under Probe,MAF<1%;"
cg07728579,15,83475013,FSD2,Yes,Yes,0.77,0.03,5384,14.66,3.24,6.2E-06,15.00,2.67,7.7E-07,14.9,2.3,1.7E-09,9.3E-01,9.5E-01,0.75,0.06,4333,7.26,1.71,2.2E-05,20.03,8.57,2.0E-02,9.2,1.9,2.0E-06,5.9E-01,1.4E-01,0.76,0.05,9717,1.9E-14,
cg11183227,15,91455407,MAN2A2,Yes,Yes,0.84,0.04,5378,15.23,2.89,1.4E-07,45.40,6.73,3.1E-09,18.9,2.8,8.1E-10,3.8E-05,6.8E-05,0.80,0.07,4333,4.58,1.42,1.3E-03,3.08,5.64,5.9E-01,4.5,1.4,1.7E-03,1.4E-01,8.0E-01,0.82,0.05,9711,2.5E-11,
cg27614723,15,92399897,SLCO3A1,Yes,Yes,0.56,0.04,5386,21.56,3.52,9.5E-10,52.00,10.69,1.9E-05,24.5,3.6,2.7E-10,6.9E-03,3.3E-02,0.55,0.07,4998,4.03,1.32,2.3E-03,28.65,8.35,6.5E-04,3.9,1.7,2.1E-02,8.4E-02,3.6E-03,0.56,0.06,10384,8.0E-10,"SNP under Probe,MAF<1%;"
cg00973118,16,374570,AXIN1,Yes,Yes,0.56,0.04,5382,10.26,2.56,6.3E-05,9.60,1.78,2.2E-06,9.8,1.6,2.3E-08,8.3E-01,9.2E-01,0.52,0.06,4998,5.49,1.47,1.9E-04,11.35,5.62,4.4E-02,6.7,1.5,1.6E-05,7.1E-01,3.1E-01,0.54,0.05,10380,2.2E-12,
cg16778405,16,653443,RAB40C,No,Yes,0.96,0.01,5370,30.97,7.05,1.1E-05,28.00,6.09,5.2E-05,29.3,5.1,9.8E-08,7.5E-01,7.8E-01,0.93,0.02,4332,27.14,4.29,2.6E-10,36.41,18.47,4.9E-02,28.3,4.2,1.9E-11,7.0E-02,6.3E-01,0.94,0.02,9702,2.8E-17,
cg05063895,16,2073518,SLC9A3R2,Yes,Yes,0.17,0.02,5384,-29.68,5.02,3.3E-09,-31.17,9.00,2.3E-03,-29.8,4.7,6.3E-09,8.9E-01,4.9E-01,0.17,0.03,4998,-6.88,2.66,9.7E-03,-23.65,13.91,9.0E-02,-7.1,2.6,5.8E-03,8.2E-01,2.4E-01,0.17,0.03,10382,1.1E-09,
cg09581649,16,4572735,CDIP1,Yes,No,0.63,0.03,5380,17.89,4.02,8.7E-06,28.99,5.20,9.6E-07,21.8,3.5,5.9E-09,9.1E-02,2.7E-01,0.64,0.06,4333,1.85,1.78,3.0E-01,11.38,10.43,2.8E-01,3.0,2.3,1.9E-01,7.4E-01,3.7E-01,0.64,0.05,9713,1.9E-07,
cg06946797,16,11422409,RMI2,Yes,Yes,0.26,0.05,5375,-11.71,1.93,1.3E-09,-23.96,3.36,3.6E-10,-14.5,1.8,1.5E-13,1.6E-03,4.1E-02,0.26,0.05,4998,-6.10,1.47,3.3E-05,-5.22,4.89,2.9E-01,-7.0,1.4,6.0E-07,6.1E-01,8.6E-01,0.26,0.05,10373,1.6E-18,
cg26663590,16,28959310,NFATC2IP,Yes,Yes,0.58,0.05,5374,13.79,2.35,4.3E-09,29.94,4.75,3.0E-08,16.6,2.3,1.3E-11,2.3E-03,5.2E-02,0.56,0.09,4998,4.05,1.07,1.5E-04,1.57,6.20,8.0E-01,4.8,1.2,3.3E-05,1.5E-01,6.9E-01,0.57,0.07,10372,9.0E-15,
cg01304182,16,30409908,ZNF48,No,No,0.69,0.03,5384,14.41,2.95,1.1E-06,21.65,4.79,6.9E-05,16.1,2.7,5.0E-08,2.0E-01,3.6E-01,0.67,0.05,4998,3.39,1.71,4.7E-02,1.89,7.09,7.9E-01,3.2,1.7,6.1E-02,7.0E-01,8.4E-01,0.68,0.04,10382,1.7E-07,
cg00711896,16,30410051,ZNF48,Yes,Yes,0.91,0.03,5381,17.36,3.75,3.7E-06,26.45,4.74,9.4E-07,20.5,3.2,3.1E-09,1.3E-01,3.9E-01,0.88,0.04,4998,6.37,1.75,2.8E-04,4.09,7.56,5.9E-01,6.8,1.8,2.0E-04,5.6E-01,7.7E-01,0.89,0.04,10379,7.7E-12,
cg06207201,16,50701535,SNX20,No,Yes,0.44,0.03,5366,-20.31,3.46,4.2E-09,-15.88,3.43,4.5E-05,-18.0,2.7,4.6E-10,3.6E-01,7.1E-02,0.43,0.06,4998,-1.80,1.59,2.6E-01,-40.02,9.46,2.8E-05,-6.0,2.1,4.0E-03,5.4E-03,6.8E-05,0.43,0.05,10364,8.8E-11,
cg09559780,16,50727221,NOD2,No,Yes,0.39,0.04,5376,-22.49,4.07,3.3E-08,-16.77,4.47,9.6E-04,-20.2,3.3,1.5E-08,3.4E-01,7.9E-01,0.39,0.05,4333,-4.44,1.78,1.3E-02,-1.76,9.71,8.6E-01,-4.8,1.8,8.6E-03,1.6E-03,7.9E-01,0.39,0.04,9709,2.3E-09,
cg01243823,16,50732212,NOD2,Yes,Yes,0.31,0.06,5385,-13.44,1.71,4.2E-15,-55.87,13.73,3.4E-04,-13.8,1.8,1.7E-12,2.2E-03,2.7E-02,0.30,0.08,4998,-6.06,1.12,5.9E-08,-7.44,4.20,7.7E-02,-8.4,1.2,2.2E-12,5.6E-01,7.5E-01,0.31,0.07,10383,2.4E-23,
cg00863378,16,56549757,BBS2,Yes,Yes,0.72,0.04,5383,12.65,2.68,2.3E-06,21.09,4.22,1.1E-05,14.8,2.4,2.4E-08,9.1E-02,4.1E-01,0.73,0.05,4998,3.78,1.63,2.1E-02,16.17,6.56,1.4E-02,4.9,1.8,5.8E-03,7.9E-01,6.7E-02,0.73,0.05,10381,2.9E-09,
cg10922280,16,68034227,DUS2L,Yes,Yes,0.45,0.03,5374,19.50,3.42,1.2E-08,33.66,4.95,2.3E-09,23.8,3.1,6.1E-13,1.9E-02,3.0E-02,0.42,0.05,4333,6.21,1.71,2.8E-04,12.24,8.48,1.5E-01,7.7,1.9,4.2E-05,3.9E-01,4.9E-01,0.44,0.04,9707,5.7E-16,
cg08305942,16,79692354,MAF,Yes,Yes,0.72,0.03,5385,-16.04,3.24,7.5E-07,-14.34,3.38,1.9E-04,-15.3,2.6,3.3E-08,7.2E-01,7.8E-01,0.71,0.06,4333,-9.84,1.60,7.3E-10,-12.40,7.24,8.7E-02,-13.0,1.9,1.3E-11,7.6E-01,7.3E-01,0.71,0.05,9718,5.8E-18,
cg03159676,16,85600536,GSE1,Yes,Yes,0.69,0.04,5387,8.57,2.18,8.6E-05,1.94,0.31,4.6E-08,2.1,0.4,3.5E-08,2.7E-03,3.5E-02,0.66,0.07,4998,6.01,1.28,2.8E-06,3.66,4.99,4.6E-01,7.3,1.4,4.5E-07,4.8E-01,6.5E-01,0.67,0.06,10385,7.7E-14,
cg02203067,16,87866800,SLC7A5,No,Yes,0.58,0.04,5378,17.65,3.31,9.3E-08,17.71,4.02,1.1E-04,17.9,2.8,3.0E-09,9.9E-01,6.2E-01,0.55,0.08,4998,1.83,1.29,1.6E-01,23.35,8.28,5.0E-03,3.1,1.6,5.0E-02,1.6E-01,1.0E-02,0.56,0.06,10376,1.8E-08,
cg07021906,16,87866833,SLC7A5,Yes,Yes,0.68,0.04,5386,13.44,2.27,3.5E-09,16.31,3.64,8.2E-05,14.2,2.1,3.2E-10,5.0E-01,3.2E-01,0.63,0.05,4998,4.18,1.44,3.6E-03,19.96,5.51,3.2E-04,4.8,1.4,4.5E-04,1.2E-01,5.6E-03,0.66,0.05,10384,3.3E-12,"SNP under Probe,MAF<1%;"
cg08443038,16,89006877,CBFA2T3,Yes,Yes,0.18,0.03,5383,-14.73,3.34,1.0E-05,-13.87,2.88,2.3E-05,-14.3,2.4,4.2E-08,8.4E-01,5.3E-01,0.17,0.03,4333,-4.01,2.45,1.0E-01,-15.13,10.81,1.6E-01,-5.0,2.3,3.2E-02,4.8E-01,3.2E-01,0.17,0.03,9716,3.5E-08,
cg08726900,16,89550474,ANKRD11,Yes,Yes,0.29,0.06,5271,-8.13,1.47,3.2E-08,-33.69,5.25,1.7E-08,-9.9,1.5,2.0E-09,2.7E-06,1.3E-04,0.29,0.06,4332,-2.78,1.34,3.9E-02,-1.22,4.34,7.8E-01,-3.0,1.4,3.0E-02,5.8E-01,7.3E-01,0.29,0.06,9603,3.6E-09,
cg06988336,16,89922397,SPIRE2,No,Yes,0.79,0.03,5381,12.42,3.14,7.8E-05,19.56,3.72,3.8E-06,15.3,2.6,7.8E-08,1.4E-01,4.9E-01,0.75,0.05,4998,3.01,1.78,9.1E-02,24.72,8.20,2.7E-03,3.9,1.8,3.2E-02,3.6E-01,9.7E-03,0.77,0.04,10379,8.4E-08,
cg00441709,17,2528280,PAFAH1B1,No,Yes,0.80,0.05,5372,11.79,1.79,4.6E-11,24.60,7.07,2.2E-03,12.4,1.9,8.1E-10,7.9E-02,2.4E-01,0.75,0.07,4996,3.66,1.23,3.0E-03,9.55,5.12,6.3E-02,4.0,1.4,2.9E-03,8.4E-01,2.6E-01,0.78,0.06,10368,8.6E-11,
cg09664445,17,2612406,CLUH,Yes,Yes,0.55,0.03,5385,25.33,3.87,6.3E-11,47.25,6.01,5.6E-12,31.2,3.5,2.4E-16,2.2E-03,5.4E-02,0.51,0.05,4333,5.08,1.83,5.5E-03,22.51,8.99,1.3E-02,8.5,2.2,1.2E-04,5.5E-01,5.7E-02,0.53,0.04,9718,4.4E-18,
cg01798813,17,3906674,ZZEF1,Yes,Yes,0.93,0.02,5377,12.49,5.01,1.3E-02,28.30,4.03,7.0E-10,21.9,3.5,6.1E-09,1.4E-02,7.5E-02,0.91,0.03,4998,10.98,2.63,3.0E-05,14.04,12.56,2.6E-01,13.2,3.0,8.7E-06,2.3E-01,8.1E-01,0.92,0.03,10375,3.5E-13,
cg19217955,17,7123994,ACADVL,Yes,Yes,0.10,0.01,5384,-32.08,7.99,6.0E-05,-13.18,2.30,4.5E-07,-14.8,2.5,4.3E-08,2.3E-02,9.0E-02,0.10,0.02,4997,-9.58,3.48,5.9E-03,-54.73,22.48,1.5E-02,-14.4,3.9,2.4E-04,2.0E-01,4.7E-02,0.10,0.02,10381,8.4E-11,
cg22695339,17,7791630,CHD3,Yes,Yes,0.09,0.02,5380,-12.14,4.49,6.8E-03,-18.07,2.97,8.9E-08,-16.1,2.8,6.3E-08,2.7E-01,6.9E-01,0.10,0.02,4998,-9.33,2.84,1.0E-03,-17.16,14.57,2.4E-01,-10.6,2.9,2.0E-04,4.6E-01,6.0E-01,0.10,0.02,10378,9.3E-11,
cg11024682,17,17730094,SREBF1,Yes,Yes,0.48,0.03,5383,28.00,3.07,7.1E-20,60.27,6.92,2.5E-14,32.5,3.0,1.9E-23,2.0E-05,7.9E-05,0.43,0.05,4333,17.16,1.94,9.1E-19,13.48,6.69,4.5E-02,22.7,2.2,3.0E-25,2.0E-02,6.0E-01,0.46,0.04,9716,9.3E-47,
cg16611584,17,19809078,AKAP10,Yes,Yes,0.61,0.08,5379,6.85,1.15,2.9E-09,7.77,1.40,1.0E-06,7.1,1.0,1.0E-11,6.1E-01,4.8E-01,0.60,0.10,4333,2.60,0.87,2.9E-03,5.11,3.23,1.1E-01,3.3,1.0,6.3E-04,3.4E-01,4.5E-01,0.60,0.08,9712,2.1E-13,"SNP under Probe,MAF<1%;"
cg25649826,17,20938740,USP22,Yes,Yes,0.67,0.03,5386,12.66,3.55,3.6E-04,20.39,3.30,5.8E-08,16.5,2.7,8.9E-09,1.1E-01,5.3E-01,0.68,0.06,4998,5.28,1.64,1.2E-03,10.18,9.02,2.6E-01,6.4,1.8,4.2E-04,8.8E-01,5.9E-01,0.68,0.05,10384,4.5E-11,"SNP under Probe,MAF<1%;"
cg13274938,17,38493822,RARA,Yes,Yes,0.74,0.03,5358,17.66,3.81,3.5E-06,46.14,7.65,1.2E-07,22.8,3.7,9.2E-09,8.6E-04,3.1E-02,0.74,0.05,4332,6.91,1.85,1.9E-04,20.61,10.03,4.1E-02,10.0,2.2,6.1E-06,4.7E-01,1.8E-01,0.74,0.04,9690,3.0E-13,
cg25616160,17,39655863,KRT13,Yes,No,0.86,0.02,5387,29.68,6.32,2.6E-06,25.79,5.43,2.9E-05,27.7,4.5,1.6E-08,6.4E-01,3.7E-01,0.87,0.04,4998,3.04,2.34,1.9E-01,14.35,17.45,4.1E-01,5.1,3.1,9.4E-02,6.9E-02,5.2E-01,0.87,0.03,10385,1.7E-07,
cg13467672,17,40464625,STAT5A,No,No,0.12,0.03,5384,-19.64,4.04,1.2E-06,-20.84,4.86,1.6E-04,-20.3,3.4,3.4E-08,8.5E-01,7.4E-01,0.12,0.03,4333,-0.05,2.76,9.9E-01,-11.82,9.83,2.3E-01,-0.7,2.6,7.8E-01,5.1E-01,2.5E-01,0.12,0.03,9717,1.7E-05,
cg15138339,17,40715222,COASY,No,Yes,0.87,0.03,5348,12.44,3.21,1.1E-04,23.73,3.59,6.3E-09,17.2,2.6,1.3E-09,1.9E-02,1.2E-01,0.84,0.05,4331,8.54,1.93,1.0E-05,6.01,7.41,4.2E-01,8.3,1.9,1.9E-05,7.3E-01,7.4E-01,0.86,0.04,9679,1.7E-13,
cg19618279,17,40715228,COASY,No,Yes,0.85,0.03,5381,13.56,3.37,5.6E-05,18.08,3.30,1.4E-06,15.7,2.6,1.9E-08,3.4E-01,7.6E-01,0.81,0.04,4998,6.52,1.84,4.0E-04,8.71,8.57,3.1E-01,6.7,1.9,4.7E-04,8.8E-01,8.0E-01,0.83,0.04,10379,9.6E-11,
cg08857797,17,40927699,VPS25,Yes,Yes,0.57,0.05,5347,17.16,2.32,1.3E-13,65.40,8.86,9.5E-11,19.8,2.4,3.3E-14,1.4E-07,1.3E-05,0.57,0.08,4333,3.00,1.17,1.0E-02,15.75,6.18,1.1E-02,3.9,1.3,2.3E-03,2.6E-03,4.3E-02,0.57,0.07,9680,1.6E-14,
cg03078551,17,41656298,ETV4,No,Yes,0.14,0.03,5377,-16.83,3.30,3.3E-07,-71.66,11.42,3.5E-08,-20.6,3.4,2.4E-08,4.0E-06,7.9E-04,0.15,0.04,4246,-7.01,2.25,1.9E-03,-16.24,10.24,1.1E-01,-7.5,2.1,3.7E-04,5.2E-01,3.8E-01,0.14,0.03,9623,6.3E-11,
cg18219562,17,41773643,MEOX1,Yes,Yes,0.73,0.03,5386,21.16,3.75,1.6E-08,16.20,4.22,7.1E-04,19.3,3.1,5.7E-09,3.8E-01,6.9E-01,0.72,0.06,4998,5.45,1.59,6.0E-04,33.97,8.74,1.2E-04,6.3,1.8,3.5E-04,2.6E-02,1.3E-03,0.73,0.04,10384,2.5E-11,
cg27050612,17,46133198,NFE2L1,Yes,Yes,0.32,0.04,5380,-29.11,5.14,1.5E-08,-70.25,15.21,4.8E-05,-33.2,5.2,4.3E-09,1.0E-02,6.3E-02,0.32,0.05,4998,-4.90,1.55,1.6E-03,-24.81,13.32,6.3E-02,-5.6,1.6,3.3E-04,1.2E-01,1.4E-01,0.32,0.04,10378,1.8E-11,
cg02650017,17,47301614,PHOSPHO1,Yes,Yes,0.09,0.02,5376,-26.63,4.85,3.9E-08,-29.83,3.63,5.5E-13,-28.6,3.2,1.9E-16,6.0E-01,4.7E-01,0.10,0.02,4998,-13.81,2.86,1.4E-06,-56.78,11.27,6.4E-07,-15.2,2.7,2.0E-08,2.3E-03,2.2E-04,0.10,0.02,10374,9.1E-23,
cg05778424,17,55169508,AKAP1,Yes,No,0.48,0.05,5387,16.43,2.99,3.7E-08,40.15,5.21,1.4E-11,21.6,2.8,1.0E-12,7.9E-05,3.6E-03,0.47,0.09,4998,1.68,1.09,1.3E-01,15.85,7.91,4.6E-02,2.1,1.2,8.9E-02,2.1E-01,7.6E-02,0.47,0.07,10385,2.7E-10,
cg24174557,17,57903544,VMP1,Yes,Yes,0.30,0.05,5348,-9.69,1.67,6.6E-09,-16.18,2.54,2.3E-08,-11.6,1.5,2.4E-12,3.3E-02,2.3E-01,0.32,0.06,4996,-4.51,1.22,2.1E-04,-12.49,5.06,1.4E-02,-7.0,1.3,3.0E-08,3.1E-01,1.3E-01,0.31,0.06,10344,6.1E-19,
cg08813944,17,71258589,CPSF4L,Yes,Yes,0.77,0.04,5327,11.19,2.55,1.1E-05,23.64,4.59,5.9E-06,14.0,2.4,7.6E-08,1.8E-02,6.0E-02,0.71,0.07,2826,6.31,1.85,6.6E-04,2.55,5.82,6.6E-01,5.4,1.8,2.4E-03,4.7E-01,5.4E-01,0.75,0.05,8153,8.6E-10,
cg14020176,17,72764985,SLC9A3R1,Yes,Yes,0.61,0.03,5384,15.03,3.46,1.4E-05,22.50,4.38,6.1E-06,17.5,3.0,4.6E-08,1.8E-01,3.7E-01,0.61,0.05,4333,5.75,1.84,1.7E-03,5.14,8.34,5.4E-01,5.4,1.8,3.7E-03,3.8E-02,9.4E-01,0.61,0.04,9717,1.9E-09,
cg21486834,17,74477542,RHBDF2,Yes,Yes,0.83,0.03,5385,21.90,4.05,6.5E-08,16.16,2.56,2.9E-08,17.9,2.4,6.4E-12,2.3E-01,4.5E-01,0.77,0.04,4998,3.95,1.85,3.3E-02,29.29,9.17,1.5E-03,5.3,1.9,6.2E-03,2.4E-01,6.8E-03,0.80,0.04,10383,7.5E-12,"SNP under Probe,MAF<1%;"
cg18181703,17,76354621,SOCS3,Yes,Yes,0.48,0.04,5384,-16.79,2.06,3.5E-16,-20.75,2.79,7.1E-11,-18.0,1.8,2.8E-20,2.5E-01,5.5E-01,0.46,0.05,4998,-10.62,1.49,1.2E-12,-20.53,4.77,2.0E-05,-12.1,1.5,1.6E-16,1.7E-01,4.7E-02,0.47,0.05,10382,4.0E-35,
cg10508317,17,76355146,SOCS3,No,Yes,0.13,0.03,5383,-16.60,3.04,4.9E-08,-13.12,2.68,1.7E-05,-14.8,2.2,8.0E-10,3.9E-01,8.3E-01,0.12,0.03,4333,-8.36,2.36,4.0E-04,-27.18,8.08,8.3E-04,-9.9,2.2,5.0E-06,1.7E-02,2.5E-02,0.13,0.03,9716,2.5E-14,
cg27637521,17,76355202,SOCS3,No,Yes,0.09,0.02,5385,-18.79,3.19,3.7E-09,-46.24,11.14,2.6E-04,-20.6,3.3,7.9E-09,1.8E-02,1.9E-01,0.11,0.03,4997,-9.62,2.50,1.2E-04,-33.87,10.59,1.5E-03,-10.5,2.4,1.8E-05,8.7E-02,2.6E-02,0.10,0.02,10382,1.0E-12,
cg04610187,17,76360794,SOCS3,No,Yes,0.55,0.05,5385,-10.27,1.92,9.5E-08,-3.33,0.51,1.0E-08,-3.8,0.6,2.1E-10,4.9E-04,1.1E-02,0.52,0.07,4998,-3.32,1.23,7.1E-03,-19.54,5.03,1.2E-04,-4.9,1.3,1.5E-04,2.1E-02,1.7E-03,0.53,0.06,10383,5.5E-13,
cg14870271,17,76976010,LGALS3BP,No,Yes,0.42,0.04,5381,13.73,2.43,1.5E-08,31.05,5.25,2.0E-07,16.4,2.4,1.3E-10,2.7E-03,6.2E-02,0.38,0.06,4333,7.27,1.57,3.4E-06,16.58,5.30,1.9E-03,9.8,1.6,2.0E-09,3.0E-01,9.2E-02,0.40,0.05,9714,1.5E-18,
cg11202345,17,76976057,LGALS3BP,Yes,Yes,0.26,0.04,5377,14.44,2.48,5.7E-09,39.04,5.95,8.4E-09,17.8,2.5,2.3E-11,1.4E-04,7.8E-03,0.24,0.04,4333,7.15,1.72,3.2E-05,16.13,5.86,6.1E-03,7.4,1.6,1.9E-06,3.4E-01,1.4E-01,0.25,0.04,9710,3.3E-16,
cg04927537,17,76976091,LGALS3BP,No,Yes,0.52,0.05,5387,9.44,1.75,6.4E-08,55.72,9.99,9.3E-07,10.6,1.8,9.9E-08,5.0E-06,6.6E-04,0.48,0.08,4998,5.21,1.11,2.8E-06,13.45,4.06,9.8E-04,7.6,1.3,9.9E-10,5.0E-02,5.0E-02,0.50,0.07,10385,6.6E-16,
cg25178683,17,76976267,LGALS3BP,No,Yes,0.64,0.04,5387,12.76,2.42,1.3E-07,37.88,6.95,1.6E-06,15.0,2.4,1.3E-08,6.4E-04,1.4E-02,0.61,0.07,4997,6.21,1.30,1.7E-06,14.15,5.46,9.8E-03,8.3,1.5,3.4E-08,9.8E-02,1.6E-01,0.63,0.06,10384,2.3E-15,
cg17836612,17,76976357,LGALS3BP,No,Yes,0.73,0.03,5385,19.07,3.55,8.0E-08,13.65,2.98,5.5E-05,16.0,2.5,4.3E-09,2.4E-01,5.8E-01,0.70,0.07,4333,5.77,1.52,1.4E-04,17.74,7.71,2.2E-02,8.5,1.8,1.7E-06,3.0E-01,1.3E-01,0.72,0.05,9718,3.8E-14,
cg01419914,17,79374691,MIR4740,No,Yes,0.66,0.05,5381,9.30,2.04,5.2E-06,20.14,3.82,3.5E-06,11.3,1.9,6.7E-08,1.2E-02,8.6E-02,0.58,0.05,4998,3.38,1.43,1.8E-02,27.30,5.50,9.4E-07,5.1,1.4,3.5E-04,4.4E-04,2.6E-05,0.62,0.05,10379,1.9E-10,
cg17054691,17,79813439,P4HB,No,Yes,0.90,0.02,5381,18.25,4.02,5.6E-06,16.76,3.72,7.4E-05,17.3,3.0,9.4E-08,7.9E-01,7.5E-01,0.86,0.04,4333,6.65,2.16,2.1E-03,28.98,9.66,2.8E-03,8.3,2.3,2.2E-04,3.2E-01,2.4E-02,0.88,0.03,9714,1.2E-10,
cg19420720,17,79816504,P4HB,No,Yes,0.64,0.04,5380,19.20,3.06,3.4E-10,41.92,8.18,6.4E-06,21.6,3.1,7.3E-11,9.3E-03,1.1E-01,0.62,0.06,4998,3.81,1.40,6.6E-03,14.91,6.87,3.1E-02,4.4,1.4,1.6E-03,9.5E-02,1.1E-01,0.63,0.05,10378,6.1E-12,
cg11969813,17,79816559,P4HB,Yes,Yes,0.74,0.05,5371,15.01,2.39,3.5E-10,39.79,6.64,1.4E-07,17.5,2.4,1.6E-11,4.5E-04,2.0E-02,0.69,0.08,4331,4.66,1.33,4.6E-04,12.53,5.10,1.4E-02,5.4,1.3,2.6E-05,3.4E-01,1.4E-01,0.71,0.06,9702,5.3E-15,
cg10937494,17,80195101,SLC16A3,No,Yes,0.57,0.04,5383,18.24,3.45,1.2E-07,22.72,5.86,6.3E-04,19.2,3.2,3.2E-08,5.1E-01,8.7E-01,0.52,0.04,4333,4.55,1.85,1.4E-02,23.99,8.12,3.3E-03,5.9,1.9,1.4E-03,3.9E-02,2.0E-02,0.55,0.04,9716,4.2E-10,
cg07012687,17,80195180,SLC16A3,No,Yes,0.58,0.04,5370,12.29,2.27,6.2E-08,28.92,6.12,3.2E-05,14.0,2.3,1.4E-08,1.1E-02,1.1E-01,0.53,0.06,4997,4.97,1.41,4.2E-04,20.86,5.00,3.5E-05,6.5,1.4,2.4E-06,4.3E-02,2.2E-03,0.56,0.05,10367,1.9E-13,
cg07573872,19,1126342,SBNO2,No,Yes,0.71,0.04,5384,-11.70,2.12,3.3E-08,-55.56,6.10,1.6E-15,-15.7,2.1,1.3E-11,1.1E-11,1.8E-08,0.69,0.05,4998,-8.77,1.35,8.5E-11,-18.71,5.02,2.2E-04,-9.8,1.3,6.8E-14,4.1E-01,5.6E-02,0.70,0.05,10382,7.0E-24,
cg18608055,19,1130866,SBNO2,Yes,Yes,0.59,0.04,5357,-17.33,2.85,1.2E-09,-46.47,6.22,5.4E-11,-21.7,2.8,5.9E-13,2.0E-05,1.0E-03,0.56,0.09,4998,-4.32,1.14,1.5E-04,-34.03,6.96,1.4E-06,-5.8,1.3,4.7E-06,1.5E-04,2.6E-05,0.57,0.07,10355,6.2E-17,
cg23866916,19,1155738,SBNO2,No,Yes,0.54,0.04,5385,-21.04,4.35,1.3E-06,-72.12,8.08,5.7E-15,-31.3,4.1,2.4E-12,2.6E-08,3.8E-06,0.50,0.08,4998,-4.02,1.31,2.2E-03,-22.89,10.98,3.8E-02,-5.1,1.4,2.5E-04,3.4E-01,8.8E-02,0.52,0.06,10383,3.2E-14,
cg24843003,19,1409547,DAZAP1,No,Yes,0.59,0.03,5380,19.05,3.35,1.3E-08,11.46,2.17,3.4E-06,13.9,2.0,2.0E-10,5.7E-02,2.6E-01,0.58,0.06,4998,5.15,1.60,1.3E-03,17.04,7.06,1.6E-02,7.2,1.8,9.8E-05,1.4E-01,1.0E-01,0.58,0.05,10378,3.2E-13,
cg00994936,19,1423902,DAZAP1,No,Yes,0.84,0.03,5385,17.79,3.11,1.1E-08,12.32,1.88,9.1E-09,13.9,1.8,7.7E-13,1.3E-01,4.8E-01,0.81,0.06,4998,5.48,1.50,2.5E-04,24.84,7.66,1.3E-03,7.0,1.6,7.6E-06,5.1E-01,1.3E-02,0.83,0.05,10383,1.4E-16,
cg12272104,19,1423967,DAZAP1,No,No,0.84,0.02,5387,23.56,4.65,4.1E-07,16.57,3.72,8.8E-05,19.5,3.2,2.0E-08,2.4E-01,4.8E-01,0.81,0.11,4333,0.16,0.97,8.7E-01,23.03,11.85,5.2E-02,2.5,2.3,2.6E-01,2.1E-02,5.4E-02,0.83,0.07,9720,8.3E-07,
cg04524040,19,4153364,CREB3L3,Yes,Yes,0.46,0.05,5383,-13.06,2.25,6.7E-09,-17.13,6.54,2.1E-02,-13.5,2.3,4.1E-08,5.6E-01,3.8E-01,0.43,0.07,4246,-3.75,1.27,3.1E-03,0.86,5.87,8.8E-01,-3.7,1.4,7.4E-03,5.0E-01,4.4E-01,0.44,0.06,9629,4.1E-09,"SNP under Probe,MAF>1%;"
cg16466652,19,6271960,MLLT1,Yes,No,0.71,0.03,5387,21.12,3.78,2.3E-08,13.73,3.75,1.3E-03,17.4,2.9,3.3E-08,1.7E-01,3.6E-01,0.66,0.05,4333,2.83,1.87,1.3E-01,20.83,9.61,3.1E-02,3.5,2.1,1.0E-01,4.9E-01,6.6E-02,0.69,0.04,9720,2.0E-07,
cg07769588,19,10655622,ATG4D,Yes,Yes,0.48,0.05,5357,10.12,2.07,1.1E-06,7.82,1.11,5.4E-10,8.4,1.1,1.3E-12,3.3E-01,1.8E-01,0.47,0.05,4333,7.40,1.79,3.4E-05,7.57,4.99,1.3E-01,7.1,1.7,2.2E-05,3.8E-02,9.8E-01,0.47,0.05,9690,5.1E-16,
cg10819350,19,10655686,ATG4D,No,Yes,0.27,0.04,5382,9.97,2.25,9.2E-06,24.30,3.61,3.3E-09,13.6,2.1,1.3E-09,7.5E-04,1.8E-02,0.26,0.06,4333,4.49,1.49,2.7E-03,8.84,5.42,1.0E-01,5.1,1.5,6.0E-04,3.5E-01,4.4E-01,0.27,0.05,9715,1.0E-11,
cg22898082,19,11074428,SMARCA4,No,Yes,0.58,0.04,5387,14.59,3.92,2.0E-04,24.98,4.27,2.6E-07,19.0,3.2,2.7E-08,7.3E-02,2.4E-01,0.51,0.08,4998,2.47,1.29,5.6E-02,37.72,9.42,7.1E-05,4.1,1.5,6.2E-03,1.1E-02,2.1E-04,0.55,0.06,10385,3.5E-09,
cg13922488,19,14545201,PKN1,Yes,Yes,0.45,0.03,5382,17.94,3.86,3.3E-06,31.89,6.51,1.6E-05,21.2,3.6,4.8E-08,6.5E-02,2.5E-01,0.42,0.03,4333,14.42,2.94,9.6E-07,8.98,7.33,2.2E-01,13.2,2.8,2.5E-06,1.3E-01,4.9E-01,0.44,0.03,9715,5.6E-13,
cg24679890,19,17246356,MYO9B,Yes,Yes,0.28,0.05,5386,21.61,3.24,2.6E-11,27.59,7.13,6.5E-04,22.3,3.2,8.3E-11,4.5E-01,6.5E-01,0.26,0.06,4998,4.27,1.24,5.6E-04,19.28,8.53,2.4E-02,4.8,1.2,1.0E-04,3.2E-01,8.2E-02,0.27,0.06,10384,1.7E-13,
cg07682160,19,18959935,UPF1,Yes,Yes,0.63,0.05,5366,12.40,2.72,5.1E-06,33.24,4.91,2.8E-09,16.8,2.6,1.5E-09,2.1E-04,1.1E-02,0.61,0.07,4333,4.23,1.39,2.4E-03,12.07,7.47,1.1E-01,5.0,1.5,1.0E-03,5.1E-02,3.0E-01,0.62,0.06,9699,2.2E-11,
cg13668129,19,41768075,HNRNPUL1,Yes,No,0.25,0.03,5381,-27.94,4.59,1.2E-09,-22.55,7.14,5.4E-03,-26.7,4.2,3.7E-09,5.3E-01,2.7E-01,0.25,0.03,4333,-2.06,2.79,4.6E-01,-5.70,11.77,6.3E-01,-3.5,2.6,1.8E-01,7.1E-02,7.6E-01,0.25,0.03,9714,1.2E-07,
cg26836479,19,42706353,DEDD2,Yes,Yes,0.13,0.03,5382,-27.44,4.55,1.7E-09,-20.49,7.34,1.4E-02,-25.7,4.2,1.5E-08,4.2E-01,8.5E-01,0.15,0.04,4246,-4.47,1.91,1.9E-02,-14.57,10.68,1.7E-01,-5.1,1.9,6.5E-03,5.6E-01,3.5E-01,0.13,0.03,9628,1.5E-09,"SNP under Probe,MAF>1%;"
cg26470501,19,45252955,BCL3,No,Yes,0.53,0.04,5387,-14.08,2.76,3.4E-07,-20.11,4.40,5.8E-05,-15.6,2.5,1.3E-08,2.5E-01,5.7E-02,0.52,0.05,4998,-9.40,1.84,3.2E-07,-5.87,6.37,3.6E-01,-11.8,1.9,1.0E-09,3.9E-01,5.9E-01,0.53,0.04,10385,8.3E-17,
cg27087650,19,45255796,BCL3,Yes,Yes,0.33,0.03,5369,-19.04,3.34,1.1E-08,-37.90,7.99,3.0E-05,-21.5,3.3,2.1E-09,3.0E-02,2.3E-01,0.31,0.04,4998,-3.45,1.72,4.4E-02,-9.59,8.31,2.5E-01,-3.4,1.6,3.2E-02,1.1E-01,4.7E-01,0.32,0.04,10367,6.7E-09,
cg02711608,19,47287964,SLC1A5,Yes,Yes,0.22,0.03,5384,-20.48,2.84,5.6E-13,-11.70,3.60,4.2E-03,-17.2,2.4,5.6E-11,5.6E-02,2.9E-01,0.22,0.04,4998,-10.02,1.88,1.0E-07,-14.10,7.25,5.2E-02,-10.6,1.8,6.0E-09,2.2E-01,5.9E-01,0.22,0.04,10382,2.1E-18,"SNP under Probe,MAF<1%;"
cg21766592,19,47288066,SLC1A5,No,Yes,0.13,0.04,5386,-17.18,3.05,1.8E-08,-15.66,4.42,1.8E-03,-16.6,2.7,1.8E-08,7.8E-01,8.4E-01,0.15,0.05,4998,-6.04,1.50,5.9E-05,-15.31,7.81,5.0E-02,-6.4,1.4,9.5E-06,6.1E-02,2.4E-01,0.14,0.04,10384,1.0E-12,
cg11614585,20,897050,ANGPT4,Yes,Yes,0.30,0.03,5377,10.24,3.70,5.6E-03,21.84,3.48,3.6E-08,16.1,2.8,9.0E-08,2.2E-02,1.6E-01,0.28,0.03,4333,4.92,2.38,3.8E-02,13.06,9.53,1.7E-01,5.8,2.3,1.1E-02,1.3E-01,4.1E-01,0.29,0.03,9710,1.4E-08,
cg18217136,20,36157651,PPIAP3,Yes,Yes,0.71,0.03,5385,21.85,4.74,4.0E-06,18.50,3.94,3.5E-05,19.8,3.3,3.8E-08,5.9E-01,6.4E-01,0.70,0.05,4998,5.84,1.96,2.9E-03,14.69,10.72,1.7E-01,7.9,2.4,1.1E-03,4.1E-01,4.2E-01,0.71,0.04,10383,4.5E-10,"SNP under Probe,MAF<1%;"
cg24403644,20,42574624,TOX2,Yes,Yes,0.80,0.02,5386,28.08,5.37,1.7E-07,24.97,6.52,7.5E-04,26.5,4.5,5.9E-08,7.1E-01,3.5E-01,0.78,0.05,4998,9.79,1.89,2.1E-07,32.74,11.73,5.4E-03,14.5,2.3,2.7E-10,4.6E-01,5.3E-02,0.79,0.04,10384,1.2E-16,
cg08309687,21,35320596,LINC00649,Yes,Yes,0.56,0.06,5386,-13.82,1.81,2.3E-14,-47.63,8.08,2.2E-07,-15.2,1.9,1.1E-13,4.4E-05,4.4E-04,0.51,0.10,4333,-4.31,0.98,1.2E-05,-3.99,3.94,3.1E-01,-4.6,1.1,2.9E-05,1.5E-02,9.4E-01,0.54,0.08,9719,8.7E-17,
cg27037013,21,35320667,LINC00649,No,Yes,0.61,0.06,5359,-7.16,1.47,1.2E-06,-17.24,3.00,4.3E-07,-9.0,1.4,5.3E-09,2.6E-03,3.1E-02,0.56,0.10,4998,-2.34,0.90,9.0E-03,-2.82,4.20,5.0E-01,-2.6,1.0,8.2E-03,1.7E-01,9.1E-01,0.58,0.08,10357,1.6E-09,
cg10192877,21,43641690,ABCG1,No,Yes,0.82,0.02,5382,25.54,4.89,1.7E-07,23.28,5.68,3.1E-04,23.7,4.0,5.1E-08,7.6E-01,6.0E-04,0.80,0.04,4333,6.34,2.60,1.5E-02,2.68,15.20,8.6E-01,8.1,3.3,1.2E-02,3.3E-01,8.1E-01,0.81,0.03,9715,1.0E-08,
cg27243685,21,43642366,ABCG1,No,Yes,0.85,0.02,5371,44.78,4.58,1.4E-22,22.39,3.49,1.7E-08,31.0,3.1,8.2E-21,1.0E-04,3.4E-04,0.84,0.04,4998,11.92,1.96,1.1E-09,59.90,12.02,8.5E-07,17.4,2.5,6.7E-12,2.7E-02,8.1E-05,0.84,0.04,10369,1.3E-30,
cg01881899,21,43652704,ABCG1,No,Yes,0.13,0.03,5377,22.01,3.52,3.9E-10,36.19,11.39,5.1E-03,23.1,3.6,3.6E-09,2.3E-01,6.6E-01,0.13,0.03,4997,8.18,2.46,8.8E-04,35.57,9.48,1.9E-04,10.4,2.3,3.9E-06,7.4E-02,5.1E-03,0.13,0.03,10374,9.2E-14,
cg01176028,21,43653234,ABCG1,No,Yes,0.30,0.04,5385,16.52,2.74,1.6E-09,6.40,1.51,1.9E-04,9.0,1.5,1.7E-08,1.2E-03,1.3E-02,0.28,0.04,4998,5.17,1.55,8.2E-04,16.26,7.79,3.8E-02,5.4,1.5,2.1E-04,2.3E-01,1.6E-01,0.29,0.04,10383,3.3E-11,
cg06500161,21,43656587,ABCG1,Yes,Yes,0.62,0.03,5386,38.86,2.90,6.2E-41,30.48,2.93,1.0E-19,34.8,2.3,6.0E-46,4.2E-02,4.7E-02,0.60,0.06,4998,14.02,1.57,3.6E-19,35.07,7.37,2.5E-06,19.9,1.9,1.1E-25,2.6E-01,5.2E-03,0.61,0.05,10384,1.1E-68,"SNP under Probe,MAF>1%;"
cg08548559,22,31686097,PIK3IP1,Yes,Yes,0.27,0.05,5361,-9.61,1.63,3.3E-09,-7.62,2.09,1.3E-03,-9.0,1.4,3.4E-09,4.5E-01,7.5E-01,0.26,0.05,4332,-5.57,1.49,1.9E-04,-12.94,4.23,2.3E-03,-6.9,1.4,4.9E-07,2.7E-01,1.0E-01,0.27,0.05,9693,8.7E-15,
cg27115863,22,37921640,CARD10,Yes,Yes,0.39,0.05,5386,-12.25,2.10,5.1E-09,-57.53,10.80,2.8E-06,-13.6,2.2,1.1E-08,3.9E-05,1.8E-03,0.40,0.05,4998,-8.15,1.61,4.0E-07,-19.37,5.23,2.4E-04,-9.4,1.5,7.6E-10,3.9E-02,4.0E-02,0.39,0.05,10384,5.1E-17,
cg06397161,22,39760059,SYNGR1,No,Yes,0.53,0.05,5385,12.49,2.25,2.9E-08,18.99,4.83,5.3E-04,13.6,2.2,1.0E-08,2.2E-01,7.3E-01,0.51,0.07,4998,4.24,1.27,8.5E-04,4.35,4.68,3.5E-01,4.9,1.4,6.6E-04,3.2E-01,9.8E-01,0.52,0.06,10383,8.6E-11,
cg22650271,22,39760165,SYNGR1,No,Yes,0.74,0.03,5386,18.80,3.87,1.2E-06,25.05,6.13,3.2E-04,20.5,3.5,8.2E-08,3.9E-01,1.5E-01,0.73,0.05,4998,3.33,1.90,7.9E-02,12.39,9.25,1.8E-01,5.1,2.2,1.9E-02,9.6E-01,3.4E-01,0.73,0.04,10384,4.1E-08,
cg03318904,22,39801522,TAB1,Yes,Yes,0.77,0.04,5380,17.53,3.09,1.4E-08,41.89,5.71,1.2E-10,22.3,2.9,2.2E-12,1.8E-04,4.4E-03,0.72,0.05,4998,7.47,1.49,5.0E-07,23.51,7.50,1.8E-03,8.3,1.5,2.6E-08,1.6E-01,3.6E-02,0.75,0.04,10378,4.7E-19,
cg09349128,22,50327986,CRELD2,Yes,Yes,0.32,0.04,5385,-19.22,2.96,8.3E-11,-32.57,3.36,2.6E-17,-24.4,2.4,1.7E-20,2.9E-03,3.7E-03,0.31,0.04,4333,-12.55,2.11,2.9E-09,-30.63,6.85,9.4E-06,-13.7,1.9,7.3E-13,3.6E-02,1.2E-02,0.31,0.04,9718,1.3E-31,"SNP under Probe,MAF<1%; SNP under Probe,MAF>1%;"
cg09182678,22,50328711,CRELD2,No,Yes,0.14,0.03,5385,-22.12,3.38,6.3E-11,-69.22,13.87,1.1E-05,-24.6,3.5,1.3E-10,9.7E-04,2.1E-02,0.16,0.03,3580,-7.60,2.32,1.0E-03,-31.47,9.69,1.2E-03,-9.3,2.2,1.9E-05,1.3E-02,1.7E-02,0.15,0.03,8965,1.5E-14,
